40 #UTIL: 50028
48 #UTIL: 50001
34 #UTIL: 50010
52 #UTIL: 50004
68 #UTIL: 50029
72 #UTIL: 50046
1 #UTIL: 50001
29 #UTIL: 50000
56 #UTIL: 50012
60 #UTIL: 50000
66 #UTIL: 50008
3 #UTIL: 50024
11 #UTIL: 50000
64 #UTIL: 50016
50 #UTIL: 50010
69 #UTIL: 50000
7 #UTIL: 50004
22 40 #UTIL: 62919
20 40 #UTIL: 79244
48 20 #UTIL: 51033
18 20 40 #UTIL: 53020
40 14 #UTIL: 95194
48 14 #UTIL: 63202
52 14 #UTIL: 56932
34 14 #UTIL: 54090
40 73 #UTIL: 60097
40 13 #UTIL: 111855
48 13 #UTIL: 69580
52 13 #UTIL: 64904
34 13 #UTIL: 62407
40 28 #UTIL: 71104
20 40 47 #UTIL: 52515
55 40 #UTIL: 68485
39 40 #UTIL: 67588
40 12 #UTIL: 75902
48 12 #UTIL: 53149
54 40 #UTIL: 143942
54 40 12 #UTIL: 51169
54 40 28 #UTIL: 50341
54 40 13 #UTIL: 87199
54 40 73 #UTIL: 64633
54 40 14 #UTIL: 68806
20 54 40 #UTIL: 59796
48 54 #UTIL: 90186
48 54 13 #UTIL: 55086
52 54 #UTIL: 83664
52 54 13 #UTIL: 53301
34 54 #UTIL: 80483
34 54 13 #UTIL: 50565
54 72 #UTIL: 52814
68 54 #UTIL: 63709
54 29 #UTIL: 60755
54 60 #UTIL: 58607
54 56 #UTIL: 58890
66 54 #UTIL: 56281
1 54 #UTIL: 50926
3 54 #UTIL: 50459
54 11 #UTIL: 51913
38 40 #UTIL: 144954
38 54 40 #UTIL: 110111
38 54 40 28 #UTIL: 51888
38 54 40 13 #UTIL: 65209
38 54 40 14 #UTIL: 53423
38 40 12 #UTIL: 55463
38 55 40 #UTIL: 50467
38 40 28 #UTIL: 74023
38 40 13 #UTIL: 83738
38 40 14 #UTIL: 73387
20 38 40 #UTIL: 63419
38 22 40 #UTIL: 52622
48 38 #UTIL: 88837
48 38 54 #UTIL: 68381
48 38 13 #UTIL: 51510
52 38 #UTIL: 83971
52 38 54 #UTIL: 66612
52 38 13 #UTIL: 50652
34 38 #UTIL: 81634
34 38 54 #UTIL: 64835
38 72 #UTIL: 63452
68 38 #UTIL: 61956
68 38 54 #UTIL: 51023
38 29 #UTIL: 60197
38 54 29 #UTIL: 50221
38 60 #UTIL: 59030
38 56 #UTIL: 57808
66 38 #UTIL: 57501
3 38 #UTIL: 52631
64 38 #UTIL: 51721
21 40 #UTIL: 144151
21 38 40 #UTIL: 104618
21 38 54 40 #UTIL: 78070
21 38 40 28 #UTIL: 51413
21 38 40 13 #UTIL: 57450
21 38 40 14 #UTIL: 55269
21 54 40 #UTIL: 108326
21 54 40 13 #UTIL: 61460
21 54 40 73 #UTIL: 53004
21 54 40 14 #UTIL: 55155
21 40 12 #UTIL: 58287
21 39 40 #UTIL: 55814
21 55 40 #UTIL: 51848
20 21 40 47 #UTIL: 52614
21 40 28 #UTIL: 50215
21 40 13 #UTIL: 80274
21 40 14 #UTIL: 75978
20 21 40 #UTIL: 59913
48 21 #UTIL: 93178
48 21 38 #UTIL: 67184
48 21 38 54 #UTIL: 50536
48 21 54 #UTIL: 71313
48 21 13 #UTIL: 52130
48 21 14 #UTIL: 52600
52 21 #UTIL: 84532
52 21 38 #UTIL: 63562
52 21 54 #UTIL: 65624
34 21 #UTIL: 80601
34 21 38 #UTIL: 61747
34 21 54 #UTIL: 63580
21 72 #UTIL: 61122
68 21 #UTIL: 64613
68 21 38 #UTIL: 50239
68 21 54 #UTIL: 55714
21 29 #UTIL: 61336
21 54 29 #UTIL: 50511
21 60 #UTIL: 59864
21 56 #UTIL: 58465
66 21 #UTIL: 57300
1 21 #UTIL: 65057
1 21 54 #UTIL: 50559
3 21 #UTIL: 52692
40 75 #UTIL: 58663
40 74 #UTIL: 157064
21 40 74 #UTIL: 119287
21 38 40 74 #UTIL: 89652
21 38 54 40 74 #UTIL: 75116
21 54 40 74 #UTIL: 101684
21 54 40 74 13 #UTIL: 58732
21 54 40 73 74 #UTIL: 56598
21 54 40 74 14 #UTIL: 50197
21 40 74 13 #UTIL: 67158
21 40 73 74 #UTIL: 53143
21 40 74 14 #UTIL: 61317
38 40 74 #UTIL: 123779
38 54 40 74 #UTIL: 107158
38 54 40 74 13 #UTIL: 64320
38 54 40 74 14 #UTIL: 50588
38 40 74 28 #UTIL: 60166
38 40 74 13 #UTIL: 72297
38 40 74 14 #UTIL: 61054
20 38 40 74 #UTIL: 53344
54 40 74 #UTIL: 137775
54 40 74 13 #UTIL: 84452
54 40 73 74 13 #UTIL: 50247
54 40 73 74 #UTIL: 69314
54 40 74 14 #UTIL: 63991
20 54 40 74 #UTIL: 57884
40 74 12 #UTIL: 58374
39 40 74 #UTIL: 50271
40 74 28 #UTIL: 57736
40 74 13 #UTIL: 93731
40 73 74 #UTIL: 64778
40 74 14 #UTIL: 76473
20 40 74 #UTIL: 65900
22 40 74 #UTIL: 50887
48 74 #UTIL: 97652
48 21 74 #UTIL: 78225
48 21 38 74 #UTIL: 57781
48 21 54 74 #UTIL: 68658
48 38 74 #UTIL: 75962
48 38 54 74 #UTIL: 67776
48 54 74 #UTIL: 88729
48 54 74 13 #UTIL: 54515
48 74 13 #UTIL: 58727
48 74 14 #UTIL: 51277
52 74 #UTIL: 91607
52 21 74 #UTIL: 73105
52 21 38 74 #UTIL: 56319
52 21 54 74 #UTIL: 64758
52 38 74 #UTIL: 75137
52 38 54 74 #UTIL: 67652
52 54 74 #UTIL: 84679
52 54 74 13 #UTIL: 54122
52 74 13 #UTIL: 57326
34 74 #UTIL: 87734
34 21 74 #UTIL: 70144
34 21 38 74 #UTIL: 54741
34 21 54 74 #UTIL: 62801
34 38 74 #UTIL: 72522
34 38 54 74 #UTIL: 65579
34 54 74 #UTIL: 81535
34 54 74 13 #UTIL: 51315
34 74 13 #UTIL: 54762
72 74 #UTIL: 60644
38 72 74 #UTIL: 51372
68 74 #UTIL: 69482
68 21 74 #UTIL: 61606
68 21 54 74 #UTIL: 57284
68 38 74 #UTIL: 56107
68 38 54 74 #UTIL: 51511
68 54 74 #UTIL: 64992
74 29 #UTIL: 66326
21 74 29 #UTIL: 55745
21 54 74 29 #UTIL: 51545
38 74 29 #UTIL: 56288
38 54 74 29 #UTIL: 52670
54 74 29 #UTIL: 64441
74 60 #UTIL: 64659
21 74 60 #UTIL: 54242
38 74 60 #UTIL: 55006
38 54 74 60 #UTIL: 51311
54 74 60 #UTIL: 62498
56 74 #UTIL: 65170
21 56 74 #UTIL: 55028
21 54 56 74 #UTIL: 50607
38 56 74 #UTIL: 55678
38 54 56 74 #UTIL: 52070
54 56 74 #UTIL: 63096
66 74 #UTIL: 61535
66 21 74 #UTIL: 51393
66 38 74 #UTIL: 52707
66 54 74 #UTIL: 58976
1 74 #UTIL: 56641
1 21 74 #UTIL: 56824
1 54 74 #UTIL: 50845
3 74 #UTIL: 56006
3 54 74 #UTIL: 52469
74 11 #UTIL: 55672
54 74 11 #UTIL: 54398
64 74 #UTIL: 50297
7 74 #UTIL: 51130
54 7 74 #UTIL: 51583
51 40 #UTIL: 83611
51 40 74 #UTIL: 67261
51 21 40 74 #UTIL: 54768
51 54 40 74 #UTIL: 57783
51 21 40 #UTIL: 67580
51 38 40 #UTIL: 56211
51 54 40 #UTIL: 61046
51 40 13 #UTIL: 50214
48 51 #UTIL: 58797
51 52 #UTIL: 53120
40 46 #UTIL: 165475
51 40 46 #UTIL: 75636
51 40 74 46 #UTIL: 60564
51 54 40 74 46 #UTIL: 51763
51 21 40 46 #UTIL: 56777
51 54 40 46 #UTIL: 55250
40 74 46 #UTIL: 135589
21 40 74 46 #UTIL: 93370
21 38 40 74 46 #UTIL: 66459
21 38 54 40 74 46 #UTIL: 54968
21 54 40 74 46 #UTIL: 78932
21 40 74 13 46 #UTIL: 50911
38 40 74 46 #UTIL: 103465
38 54 40 74 46 #UTIL: 89269
38 54 40 74 13 46 #UTIL: 52806
38 40 74 28 46 #UTIL: 52160
38 40 74 13 46 #UTIL: 59341
38 40 74 46 14 #UTIL: 51572
54 40 74 46 #UTIL: 118566
54 40 74 13 46 #UTIL: 71064
54 40 73 74 46 #UTIL: 57228
54 40 74 46 14 #UTIL: 56047
40 74 28 46 #UTIL: 50574
40 74 13 46 #UTIL: 79121
40 73 74 46 #UTIL: 53666
40 74 46 14 #UTIL: 66957
22 40 74 46 #UTIL: 52670
40 75 46 #UTIL: 50803
21 40 46 #UTIL: 113863
21 38 40 46 #UTIL: 77691
21 38 54 40 46 #UTIL: 57979
21 54 40 46 #UTIL: 86109
21 40 13 46 #UTIL: 61307
21 40 46 14 #UTIL: 61362
38 40 46 #UTIL: 121901
38 54 40 46 #UTIL: 92528
38 54 40 13 46 #UTIL: 53990
38 40 28 46 #UTIL: 63470
38 40 13 46 #UTIL: 68767
38 40 46 14 #UTIL: 62575
38 22 40 46 #UTIL: 53735
54 40 46 #UTIL: 125644
54 40 13 46 #UTIL: 74550
54 40 73 46 #UTIL: 53589
54 40 46 14 #UTIL: 60826
40 12 46 #UTIL: 63728
39 40 46 #UTIL: 62291
55 40 46 #UTIL: 57904
40 28 46 #UTIL: 61693
40 13 46 #UTIL: 95189
40 73 46 #UTIL: 50027
40 46 14 #UTIL: 84219
22 40 46 #UTIL: 65531
48 46 #UTIL: 106076
48 51 46 #UTIL: 54676
48 74 46 #UTIL: 87461
48 21 74 46 #UTIL: 63161
48 21 54 74 46 #UTIL: 55071
48 38 74 46 #UTIL: 64765
48 38 54 74 46 #UTIL: 57479
48 54 74 46 #UTIL: 78993
48 74 13 46 #UTIL: 50446
48 21 46 #UTIL: 76280
48 21 38 46 #UTIL: 50490
48 21 54 46 #UTIL: 58727
48 38 46 #UTIL: 76660
48 38 54 46 #UTIL: 58726
48 54 46 #UTIL: 81883
48 13 46 #UTIL: 60879
48 46 14 #UTIL: 58423
52 46 #UTIL: 97499
51 52 46 #UTIL: 50073
52 74 46 #UTIL: 83778
52 21 74 46 #UTIL: 59884
52 21 54 74 46 #UTIL: 52632
52 38 74 46 #UTIL: 66025
52 38 54 74 46 #UTIL: 59064
52 54 74 46 #UTIL: 76905
52 74 13 46 #UTIL: 50115
52 21 46 #UTIL: 70273
52 21 54 46 #UTIL: 54998
52 38 46 #UTIL: 74709
52 38 54 46 #UTIL: 59055
52 54 46 #UTIL: 77859
52 13 46 #UTIL: 57871
52 46 14 #UTIL: 53646
34 46 #UTIL: 93245
34 74 46 #UTIL: 80005
34 21 74 46 #UTIL: 57199
34 21 54 74 46 #UTIL: 50740
34 38 74 46 #UTIL: 62866
34 38 54 74 46 #UTIL: 56437
34 54 74 46 #UTIL: 73708
34 21 46 #UTIL: 66913
34 21 54 46 #UTIL: 53053
34 38 46 #UTIL: 71645
34 38 54 46 #UTIL: 56781
34 54 46 #UTIL: 74664
34 13 46 #UTIL: 55993
34 46 14 #UTIL: 50567
72 46 #UTIL: 73223
72 74 46 #UTIL: 55699
21 72 46 #UTIL: 50491
38 72 46 #UTIL: 56863
68 46 #UTIL: 68155
68 74 46 #UTIL: 59285
68 54 74 46 #UTIL: 55013
68 21 46 #UTIL: 52605
68 38 46 #UTIL: 53382
68 54 46 #UTIL: 56301
29 46 #UTIL: 70535
74 29 46 #UTIL: 63599
38 74 29 46 #UTIL: 50990
54 74 29 46 #UTIL: 60351
21 29 46 #UTIL: 53485
38 29 46 #UTIL: 55819
54 29 46 #UTIL: 59006
60 46 #UTIL: 69164
74 60 46 #UTIL: 61908
54 74 60 46 #UTIL: 58642
21 60 46 #UTIL: 52056
38 60 46 #UTIL: 54727
54 60 46 #UTIL: 57097
56 46 #UTIL: 66830
56 74 46 #UTIL: 62243
38 56 74 46 #UTIL: 50305
54 56 74 46 #UTIL: 59064
21 56 46 #UTIL: 50509
38 56 46 #UTIL: 53583
54 56 46 #UTIL: 56975
66 46 #UTIL: 67330
66 74 46 #UTIL: 59528
66 54 74 46 #UTIL: 55928
66 21 46 #UTIL: 50428
66 38 46 #UTIL: 53430
66 54 46 #UTIL: 55273
1 46 #UTIL: 57176
1 21 46 #UTIL: 52892
3 46 #UTIL: 61773
3 74 46 #UTIL: 53266
11 46 #UTIL: 57425
74 11 46 #UTIL: 53151
54 74 11 46 #UTIL: 51716
54 11 46 #UTIL: 50299
64 46 #UTIL: 58189
50 46 #UTIL: 50962
7 46 #UTIL: 53997
7 74 46 #UTIL: 50738
5 46 #UTIL: 52359
40 44 #UTIL: 168885
40 44 46 #UTIL: 147832
51 40 44 46 #UTIL: 67829
51 40 74 44 46 #UTIL: 55534
51 21 40 44 46 #UTIL: 52951
51 54 40 44 46 #UTIL: 51320
40 74 44 46 #UTIL: 124466
21 40 74 44 46 #UTIL: 87954
21 38 40 74 44 46 #UTIL: 65818
21 38 54 40 74 44 46 #UTIL: 55882
21 54 40 74 44 46 #UTIL: 76354
38 40 74 44 46 #UTIL: 97883
38 54 40 74 44 46 #UTIL: 85358
38 54 40 74 44 13 46 #UTIL: 50423
38 40 74 44 13 46 #UTIL: 56234
54 40 74 44 46 #UTIL: 110069
54 40 74 44 13 46 #UTIL: 65417
54 40 73 74 44 46 #UTIL: 55601
54 40 74 44 46 14 #UTIL: 52125
40 74 44 13 46 #UTIL: 72105
40 73 74 44 46 #UTIL: 52363
40 74 44 46 14 #UTIL: 61399
21 40 44 46 #UTIL: 106049
21 38 40 44 46 #UTIL: 77304
21 38 54 40 44 46 #UTIL: 59022
21 54 40 44 46 #UTIL: 82661
21 40 44 13 46 #UTIL: 56736
21 40 44 46 14 #UTIL: 56976
38 40 44 46 #UTIL: 114025
38 54 40 44 46 #UTIL: 88992
38 54 40 44 13 46 #UTIL: 51709
38 40 44 28 46 #UTIL: 57944
38 40 44 13 46 #UTIL: 64524
38 40 44 46 14 #UTIL: 57777
54 40 44 46 #UTIL: 116627
54 40 44 13 46 #UTIL: 68474
54 40 73 44 46 #UTIL: 52275
54 40 44 46 14 #UTIL: 56595
40 44 12 46 #UTIL: 58383
40 44 28 46 #UTIL: 57004
40 44 13 46 #UTIL: 84828
40 44 46 14 #UTIL: 74612
22 40 44 46 #UTIL: 53322
51 40 44 #UTIL: 74413
51 40 74 44 #UTIL: 60862
51 21 40 74 44 #UTIL: 50212
51 54 40 74 44 #UTIL: 52693
51 21 40 44 #UTIL: 61736
51 38 40 44 #UTIL: 51652
51 54 40 44 #UTIL: 55571
40 74 44 #UTIL: 142788
21 40 74 44 #UTIL: 109234
21 38 40 74 44 #UTIL: 87122
21 38 54 40 74 44 #UTIL: 74233
21 54 40 74 44 #UTIL: 94802
21 54 40 74 44 13 #UTIL: 53130
21 54 40 73 74 44 #UTIL: 52602
21 40 74 44 13 #UTIL: 59665
21 40 74 44 14 #UTIL: 57466
38 40 74 44 #UTIL: 117326
38 54 40 74 44 #UTIL: 102308
38 54 40 74 44 13 #UTIL: 61067
38 40 74 44 28 #UTIL: 56717
38 40 74 44 13 #UTIL: 68257
38 40 74 44 14 #UTIL: 57544
20 38 40 74 44 #UTIL: 51949
54 40 74 44 #UTIL: 126217
54 40 74 44 13 #UTIL: 76004
54 40 73 74 44 #UTIL: 64569
54 40 74 44 14 #UTIL: 59351
20 54 40 74 44 #UTIL: 54071
40 74 44 12 #UTIL: 53935
40 74 44 28 #UTIL: 54903
40 74 44 13 #UTIL: 83742
40 73 74 44 #UTIL: 60643
40 74 44 14 #UTIL: 70186
20 40 74 44 #UTIL: 61682
21 40 44 #UTIL: 130997
21 38 40 44 #UTIL: 102382
21 38 54 40 44 #UTIL: 77257
21 38 40 44 28 #UTIL: 51895
21 38 40 44 13 #UTIL: 55546
21 38 40 44 14 #UTIL: 54206
21 54 40 44 #UTIL: 100542
21 54 40 44 13 #UTIL: 55275
21 54 40 44 14 #UTIL: 52439
21 40 44 12 #UTIL: 54903
21 40 44 28 #UTIL: 51072
21 40 44 13 #UTIL: 71142
21 40 44 14 #UTIL: 70045
20 21 40 44 #UTIL: 53931
38 40 44 #UTIL: 136666
38 54 40 44 #UTIL: 105663
38 54 40 44 28 #UTIL: 50774
38 54 40 44 13 #UTIL: 62089
38 54 40 44 14 #UTIL: 51186
38 40 44 12 #UTIL: 53609
38 40 44 28 #UTIL: 70139
38 40 44 13 #UTIL: 78848
38 40 44 14 #UTIL: 68465
20 38 40 44 #UTIL: 62046
54 40 44 #UTIL: 131960
54 40 44 13 #UTIL: 78371
54 40 73 44 #UTIL: 60492
54 40 44 14 #UTIL: 63844
20 54 40 44 #UTIL: 56180
40 44 12 #UTIL: 69582
39 40 44 #UTIL: 50278
55 40 44 #UTIL: 55222
40 44 28 #UTIL: 68065
40 44 13 #UTIL: 98369
40 73 44 #UTIL: 56566
40 44 14 #UTIL: 84854
18 40 44 #UTIL: 51024
18 20 40 44 #UTIL: 54720
20 40 44 #UTIL: 74177
22 40 44 #UTIL: 52157
48 44 #UTIL: 107862
48 44 46 #UTIL: 98318
48 51 44 46 #UTIL: 50913
48 74 44 46 #UTIL: 83074
48 21 74 44 46 #UTIL: 61334
48 21 54 74 44 46 #UTIL: 54850
48 38 74 44 46 #UTIL: 62814
48 38 54 74 44 46 #UTIL: 56183
48 54 74 44 46 #UTIL: 75637
48 21 44 46 #UTIL: 73420
48 21 38 44 46 #UTIL: 51465
48 21 54 44 46 #UTIL: 58150
48 38 44 46 #UTIL: 73801
48 38 54 44 46 #UTIL: 58085
48 54 44 46 #UTIL: 78655
48 44 13 46 #UTIL: 55348
48 44 46 14 #UTIL: 53918
48 51 44 #UTIL: 54533
48 74 44 #UTIL: 92159
48 21 74 44 #UTIL: 73871
48 21 38 74 44 #UTIL: 57040
48 21 54 74 44 #UTIL: 65839
48 38 74 44 #UTIL: 73906
48 38 54 74 44 #UTIL: 66056
48 54 74 44 #UTIL: 83955
48 54 74 44 13 #UTIL: 50084
48 74 44 13 #UTIL: 53706
48 21 44 #UTIL: 87558
48 21 38 44 #UTIL: 67195
48 21 38 54 44 #UTIL: 50844
48 21 54 44 #UTIL: 68245
48 21 44 14 #UTIL: 50288
48 38 44 #UTIL: 86388
48 38 54 44 #UTIL: 67376
48 54 44 #UTIL: 85775
48 54 44 13 #UTIL: 50719
48 44 12 #UTIL: 50255
48 44 13 #UTIL: 62406
48 44 14 #UTIL: 58999
52 44 #UTIL: 99600
52 44 46 #UTIL: 92193
52 74 44 46 #UTIL: 80483
52 21 74 44 46 #UTIL: 58805
52 21 54 74 44 46 #UTIL: 52628
52 38 74 44 46 #UTIL: 64704
52 38 54 74 44 46 #UTIL: 58075
52 54 74 44 46 #UTIL: 73956
52 21 44 46 #UTIL: 68583
52 21 38 44 46 #UTIL: 50795
52 21 54 44 46 #UTIL: 54812
52 38 44 46 #UTIL: 73161
52 38 54 44 46 #UTIL: 58909
52 54 44 46 #UTIL: 75449
52 44 13 46 #UTIL: 54193
52 74 44 #UTIL: 88143
52 21 74 44 #UTIL: 70373
52 21 38 74 44 #UTIL: 56666
52 21 54 74 44 #UTIL: 62897
52 38 74 44 #UTIL: 74267
52 38 54 74 44 #UTIL: 66713
52 54 74 44 #UTIL: 81116
52 54 74 44 13 #UTIL: 50693
52 74 44 13 #UTIL: 53941
52 21 44 #UTIL: 81188
52 21 38 44 #UTIL: 64990
52 21 54 44 #UTIL: 63848
52 38 44 #UTIL: 83628
52 38 54 44 #UTIL: 66686
52 54 44 #UTIL: 81035
52 54 44 13 #UTIL: 50286
52 44 13 #UTIL: 60510
52 44 14 #UTIL: 53523
34 44 #UTIL: 95291
34 44 46 #UTIL: 87308
34 74 44 46 #UTIL: 76731
34 21 74 44 46 #UTIL: 56111
34 21 54 74 44 46 #UTIL: 50900
34 38 74 44 46 #UTIL: 61467
34 38 54 74 44 46 #UTIL: 55317
34 54 74 44 46 #UTIL: 70869
34 21 44 46 #UTIL: 64987
34 21 54 44 46 #UTIL: 52969
34 38 44 46 #UTIL: 69698
34 38 54 44 46 #UTIL: 56411
34 54 44 46 #UTIL: 72237
34 44 13 46 #UTIL: 51846
34 74 44 #UTIL: 84804
34 21 74 44 #UTIL: 68024
34 21 38 74 44 #UTIL: 55003
34 21 54 74 44 #UTIL: 61684
34 38 74 44 #UTIL: 71550
34 38 54 74 44 #UTIL: 64503
34 54 74 44 #UTIL: 78564
34 74 44 13 #UTIL: 51920
34 21 44 #UTIL: 77981
34 21 38 44 #UTIL: 63049
34 21 54 44 #UTIL: 62422
34 38 44 #UTIL: 80795
34 38 54 44 #UTIL: 64635
34 54 44 #UTIL: 78239
34 44 13 #UTIL: 58216
34 44 14 #UTIL: 50777
72 44 #UTIL: 72823
72 44 46 #UTIL: 66988
72 74 44 46 #UTIL: 51662
38 72 44 46 #UTIL: 53844
72 74 44 #UTIL: 57023
21 72 44 #UTIL: 57656
38 72 44 #UTIL: 61730
54 72 44 #UTIL: 50190
68 44 #UTIL: 74181
68 44 46 #UTIL: 66297
68 74 44 46 #UTIL: 58287
68 54 74 44 46 #UTIL: 54645
68 21 44 46 #UTIL: 52790
68 38 44 46 #UTIL: 53055
68 54 44 46 #UTIL: 56185
68 74 44 #UTIL: 67901
68 21 74 44 #UTIL: 60133
68 21 54 74 44 #UTIL: 56395
68 38 74 44 #UTIL: 56493
68 38 54 74 44 #UTIL: 52063
68 54 74 44 #UTIL: 63838
68 21 44 #UTIL: 63947
68 21 38 44 #UTIL: 52038
68 21 54 44 #UTIL: 55367
68 38 44 #UTIL: 62481
68 38 54 44 #UTIL: 52101
68 54 44 #UTIL: 63223
44 29 #UTIL: 71723
44 29 46 #UTIL: 69534
74 44 29 46 #UTIL: 63221
38 74 44 29 46 #UTIL: 51427
54 74 44 29 46 #UTIL: 59909
21 44 29 46 #UTIL: 53882
38 44 29 46 #UTIL: 56555
54 44 29 46 #UTIL: 59437
74 44 29 #UTIL: 66791
21 74 44 29 #UTIL: 55522
21 54 74 44 29 #UTIL: 51705
38 74 44 29 #UTIL: 57816
38 54 74 44 29 #UTIL: 53645
54 74 44 29 #UTIL: 64135
21 44 29 #UTIL: 61515
21 38 44 29 #UTIL: 50932
21 54 44 29 #UTIL: 51110
38 44 29 #UTIL: 62902
38 54 44 29 #UTIL: 52289
54 44 29 #UTIL: 61837
44 60 #UTIL: 70254
44 60 46 #UTIL: 68322
74 44 60 46 #UTIL: 61497
38 74 44 60 46 #UTIL: 50165
54 74 44 60 46 #UTIL: 57867
21 44 60 46 #UTIL: 52374
38 44 60 46 #UTIL: 55628
54 44 60 46 #UTIL: 57227
74 44 60 #UTIL: 64883
21 74 44 60 #UTIL: 53628
38 74 44 60 #UTIL: 56420
38 54 74 44 60 #UTIL: 51992
54 74 44 60 #UTIL: 61687
21 44 60 #UTIL: 59824
38 44 60 #UTIL: 61741
38 54 44 60 #UTIL: 50415
54 44 60 #UTIL: 59284
56 44 #UTIL: 68500
56 44 46 #UTIL: 66204
56 74 44 46 #UTIL: 61570
38 56 74 44 46 #UTIL: 50414
54 56 74 44 46 #UTIL: 58293
21 56 44 46 #UTIL: 50839
38 56 44 46 #UTIL: 54171
54 56 44 46 #UTIL: 57288
56 74 44 #UTIL: 65376
21 56 74 44 #UTIL: 54743
21 54 56 74 44 #UTIL: 50815
38 56 74 44 #UTIL: 56798
38 54 56 74 44 #UTIL: 52581
54 56 74 44 #UTIL: 62688
21 56 44 #UTIL: 58569
38 56 44 #UTIL: 60246
38 54 56 44 #UTIL: 50738
54 56 44 #UTIL: 60016
66 44 #UTIL: 67510
66 44 46 #UTIL: 65973
66 74 44 46 #UTIL: 58642
66 54 74 44 46 #UTIL: 54977
66 21 44 46 #UTIL: 50578
66 38 44 46 #UTIL: 53645
66 54 44 46 #UTIL: 55159
66 74 44 #UTIL: 61416
66 21 74 44 #UTIL: 50688
66 38 74 44 #UTIL: 53349
66 54 74 44 #UTIL: 58102
66 21 44 #UTIL: 57276
66 38 44 #UTIL: 59334
66 54 44 #UTIL: 56778
1 21 44 #UTIL: 54800
3 44 #UTIL: 61679
3 44 46 #UTIL: 59595
3 74 44 46 #UTIL: 51691
3 74 44 #UTIL: 54939
3 54 74 44 #UTIL: 50653
3 21 44 #UTIL: 52041
3 38 44 #UTIL: 53549
3 54 44 #UTIL: 50059
11 44 #UTIL: 56903
11 44 46 #UTIL: 54581
74 11 44 46 #UTIL: 51263
74 11 44 #UTIL: 53920
54 74 11 44 #UTIL: 52542
54 11 44 #UTIL: 50766
64 44 #UTIL: 60002
64 44 46 #UTIL: 58358
64 74 44 46 #UTIL: 50391
64 74 44 #UTIL: 53103
64 21 44 #UTIL: 50202
64 38 44 #UTIL: 54757
50 44 #UTIL: 53254
7 44 #UTIL: 55181
7 44 46 #UTIL: 55441
7 74 44 46 #UTIL: 51757
7 74 44 #UTIL: 53459
54 7 74 44 #UTIL: 52540
38 7 44 #UTIL: 50683
5 44 #UTIL: 53832
5 44 46 #UTIL: 53915
5 74 44 46 #UTIL: 50294
5 74 44 #UTIL: 52057
5 54 74 44 #UTIL: 51225
5 38 44 #UTIL: 50829
40 42 #UTIL: 176410
40 42 44 #UTIL: 158180
40 42 44 46 #UTIL: 139392
51 40 42 44 46 #UTIL: 65271
51 40 42 74 44 46 #UTIL: 51444
51 21 40 42 44 46 #UTIL: 51405
40 42 74 44 46 #UTIL: 111990
21 40 42 74 44 46 #UTIL: 79455
21 38 40 42 74 44 46 #UTIL: 60664
21 54 40 42 74 44 46 #UTIL: 65834
38 40 42 74 44 46 #UTIL: 90080
38 54 40 42 74 44 46 #UTIL: 75484
38 40 42 74 44 13 46 #UTIL: 50438
54 40 42 74 44 46 #UTIL: 94572
54 40 42 74 44 13 46 #UTIL: 54144
40 42 74 44 13 46 #UTIL: 62526
40 42 74 44 46 14 #UTIL: 57052
21 40 42 44 46 #UTIL: 100188
21 38 40 42 44 46 #UTIL: 73791
21 38 54 40 42 44 46 #UTIL: 53508
21 54 40 42 44 46 #UTIL: 73789
21 40 42 44 13 46 #UTIL: 52332
21 40 42 44 46 14 #UTIL: 54604
38 40 42 44 46 #UTIL: 108862
38 54 40 42 44 46 #UTIL: 80706
38 40 42 44 28 46 #UTIL: 60806
38 40 42 44 13 46 #UTIL: 60119
38 40 42 44 46 14 #UTIL: 56078
54 40 42 44 46 #UTIL: 103613
54 40 42 44 13 46 #UTIL: 58622
54 40 42 44 46 14 #UTIL: 51983
40 42 44 12 46 #UTIL: 58285
40 42 44 28 46 #UTIL: 60122
40 42 44 13 46 #UTIL: 77463
40 42 44 46 14 #UTIL: 72087
51 40 42 44 #UTIL: 71183
51 40 42 74 44 #UTIL: 55728
51 21 40 42 44 #UTIL: 59203
51 38 40 42 44 #UTIL: 50010
51 54 40 42 44 #UTIL: 50059
40 42 74 44 #UTIL: 126862
21 40 42 74 44 #UTIL: 96811
21 38 40 42 74 44 #UTIL: 78893
21 38 54 40 42 74 44 #UTIL: 63993
21 54 40 42 74 44 #UTIL: 79497
21 40 42 74 44 13 #UTIL: 51564
21 40 42 74 44 14 #UTIL: 51805
38 40 42 74 44 #UTIL: 106584
38 54 40 42 74 44 #UTIL: 88777
38 54 40 42 74 44 13 #UTIL: 51944
38 40 42 74 44 28 #UTIL: 59389
38 40 42 74 44 13 #UTIL: 60653
38 40 42 74 44 14 #UTIL: 53122
54 40 42 74 44 #UTIL: 106353
54 40 42 74 44 13 #UTIL: 61967
54 40 42 74 44 14 #UTIL: 51607
40 42 74 44 12 #UTIL: 51361
40 42 74 44 28 #UTIL: 57768
40 42 74 44 13 #UTIL: 71933
40 42 74 44 14 #UTIL: 64152
20 40 42 74 44 #UTIL: 52774
40 42 75 44 #UTIL: 50064
21 40 42 44 #UTIL: 122300
21 38 40 42 44 #UTIL: 96665
21 38 54 40 42 44 #UTIL: 68445
21 38 40 42 44 28 #UTIL: 54729
21 38 40 42 44 13 #UTIL: 51771
21 38 40 42 44 14 #UTIL: 51389
21 54 40 42 44 #UTIL: 87468
21 40 42 44 12 #UTIL: 54931
21 40 42 44 28 #UTIL: 54109
21 40 42 44 13 #UTIL: 65015
21 40 42 44 14 #UTIL: 66136
38 40 42 44 #UTIL: 129532
38 54 40 42 44 #UTIL: 94233
38 54 40 42 44 28 #UTIL: 53075
38 54 40 42 44 13 #UTIL: 54145
38 40 42 44 12 #UTIL: 53901
38 40 42 44 28 #UTIL: 74053
38 40 42 44 13 #UTIL: 73214
38 40 42 44 14 #UTIL: 65681
20 38 40 42 44 #UTIL: 57327
54 40 42 44 #UTIL: 115236
54 40 42 44 28 #UTIL: 52148
54 40 42 44 13 #UTIL: 66162
54 40 42 44 14 #UTIL: 57412
40 42 44 12 #UTIL: 68799
55 40 42 44 #UTIL: 59332
40 42 44 28 #UTIL: 72242
40 42 44 13 #UTIL: 89479
40 42 44 14 #UTIL: 81122
20 40 42 44 #UTIL: 67552
40 42 46 #UTIL: 156659
51 40 42 46 #UTIL: 72796
51 40 42 74 46 #UTIL: 55792
51 21 40 42 46 #UTIL: 55511
51 54 40 42 46 #UTIL: 50097
40 42 74 46 #UTIL: 121540
21 40 42 74 46 #UTIL: 84888
21 38 40 42 74 46 #UTIL: 62127
21 54 40 42 74 46 #UTIL: 68030
38 40 42 74 46 #UTIL: 95927
38 54 40 42 74 46 #UTIL: 79304
38 40 42 74 28 46 #UTIL: 54542
38 40 42 74 13 46 #UTIL: 53672
54 40 42 74 46 #UTIL: 100766
54 40 42 74 13 46 #UTIL: 58062
40 42 74 28 46 #UTIL: 53147
40 42 74 13 46 #UTIL: 68218
40 42 74 46 14 #UTIL: 62034
40 42 75 46 #UTIL: 54208
21 40 42 46 #UTIL: 108500
21 38 40 42 46 #UTIL: 75078
21 38 54 40 42 46 #UTIL: 53140
21 54 40 42 46 #UTIL: 77090
21 40 42 13 46 #UTIL: 56897
21 40 42 46 14 #UTIL: 59403
38 40 42 46 #UTIL: 117485
38 54 40 42 46 #UTIL: 84331
38 40 42 28 46 #UTIL: 66923
38 40 42 13 46 #UTIL: 64714
38 40 42 46 14 #UTIL: 61169
38 22 40 42 46 #UTIL: 50869
54 40 42 46 #UTIL: 110868
54 40 42 13 46 #UTIL: 63265
54 40 42 46 14 #UTIL: 55558
40 42 12 46 #UTIL: 63576
39 40 42 46 #UTIL: 55182
55 40 42 46 #UTIL: 62098
40 42 28 46 #UTIL: 65402
40 42 13 46 #UTIL: 87106
40 42 46 14 #UTIL: 81709
22 40 42 46 #UTIL: 60266
51 40 42 #UTIL: 78981
51 40 42 74 #UTIL: 60135
51 21 40 42 #UTIL: 64043
51 38 40 42 #UTIL: 54354
51 54 40 42 #UTIL: 53437
40 42 74 #UTIL: 136877
21 40 42 74 #UTIL: 103601
21 38 40 42 74 #UTIL: 81618
21 38 54 40 42 74 #UTIL: 64752
21 54 40 42 74 #UTIL: 82263
21 40 42 74 13 #UTIL: 55998
21 40 42 74 14 #UTIL: 55023
38 40 42 74 #UTIL: 112918
38 54 40 42 74 #UTIL: 92998
38 54 40 42 74 28 #UTIL: 50031
38 54 40 42 74 13 #UTIL: 54621
38 40 42 74 28 #UTIL: 63293
38 40 42 74 13 #UTIL: 64406
38 40 42 74 14 #UTIL: 56590
54 40 42 74 #UTIL: 112466
54 40 42 74 13 #UTIL: 65938
54 40 42 74 14 #UTIL: 54614
40 42 74 12 #UTIL: 53992
40 42 74 28 #UTIL: 61056
40 42 74 13 #UTIL: 78177
40 42 74 14 #UTIL: 69258
20 40 42 74 #UTIL: 53870
40 42 75 #UTIL: 62978
21 40 42 #UTIL: 133233
21 38 40 42 #UTIL: 99346
21 38 54 40 42 #UTIL: 69283
21 38 40 42 28 #UTIL: 54437
21 38 40 42 13 #UTIL: 53675
21 38 40 42 14 #UTIL: 52789
21 54 40 42 #UTIL: 91763
21 40 42 12 #UTIL: 56585
21 55 40 42 #UTIL: 55743
21 40 42 28 #UTIL: 53442
21 40 42 13 #UTIL: 71697
21 40 42 14 #UTIL: 71869
20 21 40 42 #UTIL: 52151
38 40 42 #UTIL: 138355
38 54 40 42 #UTIL: 98363
38 54 40 42 28 #UTIL: 54479
38 54 40 42 13 #UTIL: 56866
38 40 42 12 #UTIL: 55652
38 55 40 42 #UTIL: 54167
38 40 42 28 #UTIL: 78528
38 40 42 13 #UTIL: 78154
38 40 42 14 #UTIL: 70878
20 38 40 42 #UTIL: 58558
54 40 42 #UTIL: 122706
54 40 42 28 #UTIL: 53113
54 40 42 13 #UTIL: 71090
54 40 42 14 #UTIL: 61097
40 42 12 #UTIL: 73772
39 40 42 #UTIL: 57209
55 40 42 #UTIL: 73935
40 42 28 #UTIL: 75872
40 42 13 #UTIL: 100218
40 42 14 #UTIL: 91041
20 40 42 #UTIL: 70118
22 40 42 #UTIL: 58063
48 42 #UTIL: 113180
48 42 44 #UTIL: 105153
48 42 44 46 #UTIL: 95571
48 42 74 44 46 #UTIL: 76466
48 21 42 74 44 46 #UTIL: 56465
48 38 42 74 44 46 #UTIL: 59101
48 38 54 42 74 44 46 #UTIL: 50585
48 54 42 74 44 46 #UTIL: 66186
48 21 42 44 46 #UTIL: 71063
48 21 38 42 44 46 #UTIL: 50328
48 21 54 42 44 46 #UTIL: 52949
48 38 42 44 46 #UTIL: 72563
48 38 54 42 44 46 #UTIL: 53959
48 54 42 44 46 #UTIL: 71561
48 42 44 13 46 #UTIL: 51981
48 42 44 46 14 #UTIL: 53172
48 51 42 44 #UTIL: 53187
48 42 74 44 #UTIL: 84446
48 21 42 74 44 #UTIL: 67311
48 21 38 42 74 44 #UTIL: 53043
48 21 54 42 74 44 #UTIL: 56579
48 38 42 74 44 #UTIL: 69111
48 38 54 42 74 44 #UTIL: 58711
48 54 42 74 44 #UTIL: 72529
48 21 42 44 #UTIL: 84556
48 21 38 42 44 #UTIL: 65544
48 21 54 42 44 #UTIL: 61090
48 38 42 44 #UTIL: 84986
48 38 54 42 44 #UTIL: 61976
48 54 42 44 #UTIL: 77331
48 42 44 12 #UTIL: 51633
48 42 44 13 #UTIL: 58677
48 42 44 14 #UTIL: 58215
48 42 46 #UTIL: 103998
48 51 42 46 #UTIL: 53615
48 42 74 46 #UTIL: 80335
48 21 42 74 46 #UTIL: 58925
48 38 42 74 46 #UTIL: 61369
48 38 54 42 74 46 #UTIL: 51845
48 54 42 74 46 #UTIL: 68297
48 21 42 46 #UTIL: 75037
48 21 38 42 46 #UTIL: 50189
48 21 54 42 46 #UTIL: 53995
48 38 42 46 #UTIL: 76211
48 38 54 42 46 #UTIL: 54734
48 54 42 46 #UTIL: 74075
48 42 13 46 #UTIL: 57424
48 42 46 14 #UTIL: 58109
48 51 42 #UTIL: 57101
48 42 74 #UTIL: 87887
48 21 42 74 #UTIL: 70177
48 21 38 42 74 #UTIL: 53949
48 21 54 42 74 #UTIL: 57057
48 38 42 74 #UTIL: 71129
48 38 54 42 74 #UTIL: 59886
48 54 42 74 #UTIL: 74070
48 21 42 #UTIL: 89730
48 21 38 42 #UTIL: 65948
48 21 54 42 #UTIL: 62444
48 21 42 14 #UTIL: 51434
48 38 42 #UTIL: 88041
48 38 54 42 #UTIL: 62737
48 38 42 28 #UTIL: 51478
48 54 42 #UTIL: 79432
48 42 12 #UTIL: 53785
48 55 42 #UTIL: 53044
48 42 13 #UTIL: 64556
48 42 14 #UTIL: 62746
52 42 #UTIL: 103332
52 42 44 #UTIL: 98235
52 42 44 46 #UTIL: 90474
52 42 74 44 46 #UTIL: 74721
52 21 42 74 44 46 #UTIL: 54535
52 38 42 74 44 46 #UTIL: 61150
52 38 54 42 74 44 46 #UTIL: 52470
52 54 42 74 44 46 #UTIL: 65147
52 21 42 44 46 #UTIL: 66958
52 21 54 42 44 46 #UTIL: 50150
52 38 42 44 46 #UTIL: 72223
52 38 54 42 44 46 #UTIL: 54868
52 54 42 44 46 #UTIL: 69130
52 42 44 13 46 #UTIL: 51026
52 42 74 44 #UTIL: 81540
52 21 42 74 44 #UTIL: 64525
52 21 38 42 74 44 #UTIL: 53050
52 21 54 42 74 44 #UTIL: 54133
52 38 42 74 44 #UTIL: 69928
52 38 54 42 74 44 #UTIL: 59605
52 54 42 74 44 #UTIL: 70541
52 21 42 44 #UTIL: 79083
52 21 38 42 44 #UTIL: 63862
52 21 54 42 44 #UTIL: 57332
52 38 42 44 #UTIL: 82873
52 38 54 42 44 #UTIL: 61655
52 38 42 44 28 #UTIL: 50790
52 54 42 44 #UTIL: 73617
52 42 44 13 #UTIL: 57030
52 42 44 14 #UTIL: 53700
52 42 46 #UTIL: 96623
52 42 74 46 #UTIL: 77662
52 21 42 74 46 #UTIL: 56244
52 38 42 74 46 #UTIL: 62868
52 38 54 42 74 46 #UTIL: 53500
52 54 42 74 46 #UTIL: 67012
52 21 42 46 #UTIL: 69759
52 21 54 42 46 #UTIL: 50802
52 38 42 46 #UTIL: 74650
52 38 54 42 46 #UTIL: 55235
52 54 42 46 #UTIL: 70997
52 42 13 46 #UTIL: 54942
52 42 46 14 #UTIL: 53902
51 52 42 #UTIL: 51818
52 42 74 #UTIL: 83633
52 21 42 74 #UTIL: 66278
52 21 38 42 74 #UTIL: 53093
52 21 54 42 74 #UTIL: 54162
52 38 42 74 #UTIL: 71027
52 38 54 42 74 #UTIL: 60263
52 54 42 74 #UTIL: 71549
52 21 42 #UTIL: 82490
52 21 38 42 #UTIL: 63074
52 21 54 42 #UTIL: 57903
52 38 42 #UTIL: 84099
52 38 54 42 #UTIL: 61611
52 38 42 28 #UTIL: 52002
52 54 42 #UTIL: 74624
52 42 13 #UTIL: 60836
52 42 14 #UTIL: 57419
34 42 #UTIL: 100072
34 42 44 #UTIL: 94599
34 42 44 46 #UTIL: 86318
34 42 74 44 46 #UTIL: 71958
34 21 42 74 44 46 #UTIL: 52254
34 38 42 74 44 46 #UTIL: 58751
34 38 54 42 74 44 46 #UTIL: 50724
34 54 42 74 44 46 #UTIL: 63280
34 21 42 44 46 #UTIL: 63632
34 38 42 44 46 #UTIL: 69412
34 38 54 42 44 46 #UTIL: 53256
34 54 42 44 46 #UTIL: 66975
34 42 74 44 #UTIL: 79167
34 21 42 74 44 #UTIL: 62604
34 21 38 42 74 44 #UTIL: 51831
34 21 54 42 74 44 #UTIL: 53475
34 38 42 74 44 #UTIL: 68049
34 38 54 42 74 44 #UTIL: 58407
34 54 42 74 44 #UTIL: 69186
34 21 42 44 #UTIL: 76140
34 21 38 42 44 #UTIL: 62257
34 21 54 42 44 #UTIL: 56362
34 38 42 44 #UTIL: 80673
34 38 54 42 44 #UTIL: 60473
34 54 42 44 #UTIL: 71827
34 42 44 13 #UTIL: 55597
34 42 44 14 #UTIL: 50921
34 42 46 #UTIL: 93236
34 42 74 46 #UTIL: 75031
34 21 42 74 46 #UTIL: 53995
34 38 42 74 46 #UTIL: 60562
34 38 54 42 74 46 #UTIL: 51900
34 54 42 74 46 #UTIL: 65190
34 21 42 46 #UTIL: 66682
34 38 42 46 #UTIL: 72243
34 38 54 42 46 #UTIL: 53862
34 54 42 46 #UTIL: 69009
34 42 13 46 #UTIL: 53806
34 42 46 14 #UTIL: 51111
34 42 74 #UTIL: 81387
34 21 42 74 #UTIL: 64374
34 21 38 42 74 #UTIL: 51996
34 21 54 42 74 #UTIL: 53471
34 38 42 74 #UTIL: 69367
34 38 54 42 74 #UTIL: 59319
34 54 42 74 #UTIL: 70347
34 21 42 #UTIL: 79339
34 21 38 42 #UTIL: 61622
34 21 54 42 #UTIL: 56952
34 38 42 #UTIL: 82502
34 38 54 42 #UTIL: 60820
34 38 42 28 #UTIL: 50884
34 54 42 #UTIL: 73115
34 42 13 #UTIL: 59636
34 42 14 #UTIL: 54745
72 42 #UTIL: 84947
72 42 44 #UTIL: 78489
72 42 44 46 #UTIL: 72083
72 42 74 44 46 #UTIL: 53851
21 72 42 44 46 #UTIL: 51214
38 72 42 44 46 #UTIL: 57812
72 42 74 44 #UTIL: 58894
38 72 42 74 44 #UTIL: 51477
21 72 42 44 #UTIL: 61171
38 72 42 44 #UTIL: 66408
54 72 42 44 #UTIL: 51162
72 42 46 #UTIL: 79276
72 42 74 46 #UTIL: 57831
21 72 42 46 #UTIL: 54680
38 72 42 46 #UTIL: 61482
54 72 42 46 #UTIL: 51150
72 42 74 #UTIL: 62290
38 72 42 74 #UTIL: 53659
21 72 42 #UTIL: 65401
38 72 42 #UTIL: 68907
54 72 42 #UTIL: 53282
72 42 14 #UTIL: 50142
68 42 #UTIL: 73466
68 42 44 #UTIL: 71513
68 42 44 46 #UTIL: 64162
68 42 74 44 46 #UTIL: 53689
68 38 42 44 46 #UTIL: 51995
68 54 42 44 46 #UTIL: 51345
68 42 74 44 #UTIL: 62126
68 21 42 74 44 #UTIL: 54094
68 38 42 74 44 #UTIL: 52803
68 54 42 74 44 #UTIL: 55483
68 21 42 44 #UTIL: 60098
68 38 42 44 #UTIL: 60980
68 54 42 44 #UTIL: 56905
68 42 46 #UTIL: 67151
68 42 74 46 #UTIL: 55340
68 21 42 46 #UTIL: 50288
68 38 42 46 #UTIL: 53392
68 54 42 46 #UTIL: 52016
68 42 74 #UTIL: 63395
68 21 42 74 #UTIL: 54672
68 38 42 74 #UTIL: 53160
68 54 42 74 #UTIL: 55749
68 21 42 #UTIL: 60271
68 38 42 #UTIL: 61492
68 54 42 #UTIL: 56916
42 29 #UTIL: 74862
42 44 29 #UTIL: 74338
42 44 29 46 #UTIL: 70883
42 74 44 29 46 #UTIL: 60512
54 42 74 44 29 46 #UTIL: 54156
21 42 44 29 46 #UTIL: 54119
38 42 44 29 46 #UTIL: 57603
54 42 44 29 46 #UTIL: 56189
42 74 44 29 #UTIL: 64153
21 42 74 44 29 #UTIL: 52347
38 42 74 44 29 #UTIL: 56034
54 42 74 44 29 #UTIL: 57528
21 42 44 29 #UTIL: 62098
21 38 42 44 29 #UTIL: 51396
38 42 44 29 #UTIL: 64719
54 42 44 29 #UTIL: 58402
42 29 46 #UTIL: 73311
42 74 29 46 #UTIL: 61120
38 42 74 29 46 #UTIL: 50092
54 42 74 29 46 #UTIL: 54098
21 42 29 46 #UTIL: 54997
38 42 29 46 #UTIL: 58034
54 42 29 46 #UTIL: 55799
42 74 29 #UTIL: 63485
21 42 74 29 #UTIL: 52339
38 42 74 29 #UTIL: 55393
54 42 74 29 #UTIL: 56447
21 42 29 #UTIL: 62730
38 42 29 #UTIL: 63555
54 42 29 #UTIL: 56866
42 60 #UTIL: 73985
42 60 44 #UTIL: 73418
42 60 44 46 #UTIL: 70276
42 74 60 44 46 #UTIL: 59509
54 42 74 60 44 46 #UTIL: 52923
21 42 60 44 46 #UTIL: 53092
38 42 60 44 46 #UTIL: 57155
54 42 60 44 46 #UTIL: 54672
42 74 60 44 #UTIL: 62910
21 42 74 60 44 #UTIL: 50917
38 42 74 60 44 #UTIL: 55139
54 42 74 60 44 #UTIL: 55833
21 42 60 44 #UTIL: 60771
21 38 42 60 44 #UTIL: 50272
38 42 60 44 #UTIL: 63962
54 42 60 44 #UTIL: 56486
42 60 46 #UTIL: 72751
42 74 60 46 #UTIL: 60356
54 42 74 60 46 #UTIL: 53404
21 42 60 46 #UTIL: 54037
38 42 60 46 #UTIL: 57469
54 42 60 46 #UTIL: 54789
42 74 60 #UTIL: 62545
21 42 74 60 #UTIL: 51144
38 42 74 60 #UTIL: 54552
54 42 74 60 #UTIL: 55319
21 42 60 #UTIL: 61466
38 42 60 #UTIL: 62732
54 42 60 #UTIL: 55417
56 42 #UTIL: 71333
56 42 44 #UTIL: 70902
56 42 44 46 #UTIL: 67354
56 42 74 44 46 #UTIL: 59141
54 56 42 74 44 46 #UTIL: 52900
21 56 42 44 46 #UTIL: 50888
38 56 42 44 46 #UTIL: 55146
54 56 42 44 46 #UTIL: 54215
56 42 74 44 #UTIL: 63087
21 56 42 74 44 #UTIL: 51881
38 56 42 74 44 #UTIL: 55400
54 56 42 74 44 #UTIL: 56521
21 56 42 44 #UTIL: 58953
38 56 42 44 #UTIL: 62064
54 56 42 44 #UTIL: 56825
56 42 46 #UTIL: 69435
56 42 74 46 #UTIL: 60199
54 56 42 74 46 #UTIL: 53333
21 56 42 46 #UTIL: 51790
38 56 42 46 #UTIL: 55640
54 56 42 46 #UTIL: 54076
56 42 74 #UTIL: 63021
21 56 42 74 #UTIL: 52185
38 56 42 74 #UTIL: 55050
54 56 42 74 #UTIL: 55935
21 56 42 #UTIL: 59806
38 56 42 #UTIL: 61002
54 56 42 #UTIL: 55565
66 42 #UTIL: 72088
66 42 44 #UTIL: 70983
66 42 44 46 #UTIL: 68238
66 42 74 44 46 #UTIL: 57098
66 54 42 74 44 46 #UTIL: 50626
66 21 42 44 46 #UTIL: 51336
66 38 42 44 46 #UTIL: 55397
66 54 42 44 46 #UTIL: 53064
66 42 74 44 #UTIL: 59970
66 38 42 74 44 #UTIL: 52343
66 54 42 74 44 #UTIL: 52991
66 21 42 44 #UTIL: 58493
66 38 42 44 #UTIL: 61704
66 54 42 44 #UTIL: 54505
66 42 46 #UTIL: 71113
66 42 74 46 #UTIL: 58347
66 54 42 74 46 #UTIL: 51252
66 21 42 46 #UTIL: 52415
66 38 42 46 #UTIL: 56278
66 54 42 46 #UTIL: 53352
66 42 74 #UTIL: 60149
66 38 42 74 #UTIL: 52371
66 54 42 74 #UTIL: 52828
66 21 42 #UTIL: 59453
66 38 42 #UTIL: 61185
66 54 42 #UTIL: 53821
1 42 #UTIL: 63374
1 21 42 44 #UTIL: 53061
1 42 46 #UTIL: 56170
1 21 42 46 #UTIL: 52237
1 42 74 #UTIL: 50546
1 21 42 74 #UTIL: 51021
1 21 42 #UTIL: 62144
3 42 #UTIL: 66301
3 42 44 #UTIL: 64498
3 42 44 46 #UTIL: 61225
3 42 74 44 #UTIL: 52786
3 21 42 44 #UTIL: 52412
3 38 42 44 #UTIL: 55723
3 42 46 #UTIL: 64852
3 42 74 46 #UTIL: 51330
3 38 42 46 #UTIL: 51009
3 42 74 #UTIL: 53583
3 21 42 #UTIL: 53707
3 38 42 #UTIL: 56011
42 11 #UTIL: 57657
42 11 44 #UTIL: 54705
42 11 44 46 #UTIL: 51967
42 11 46 #UTIL: 55600
64 42 #UTIL: 66802
64 42 44 #UTIL: 67053
64 42 44 46 #UTIL: 63596
64 42 74 44 46 #UTIL: 52379
64 38 42 44 46 #UTIL: 53238
64 42 74 44 #UTIL: 56039
64 38 42 74 44 #UTIL: 50898
64 21 42 44 #UTIL: 55101
64 38 42 44 #UTIL: 59882
64 54 42 44 #UTIL: 50109
64 42 46 #UTIL: 65500
64 42 74 46 #UTIL: 52703
64 38 42 46 #UTIL: 53918
64 42 74 #UTIL: 54768
64 21 42 #UTIL: 54795
64 38 42 #UTIL: 58485
50 42 #UTIL: 54805
50 42 44 #UTIL: 52755
50 42 46 #UTIL: 50825
69 42 #UTIL: 51445
7 42 #UTIL: 57419
7 42 44 #UTIL: 59164
7 42 44 46 #UTIL: 57749
7 42 74 44 46 #UTIL: 50197
7 42 74 44 #UTIL: 52379
21 7 42 44 #UTIL: 51495
38 7 42 44 #UTIL: 53223
7 42 46 #UTIL: 58346
7 42 74 46 #UTIL: 50052
7 42 74 #UTIL: 50782
21 7 42 #UTIL: 50554
38 7 42 #UTIL: 51029
23 42 #UTIL: 56499
23 42 44 #UTIL: 52248
23 42 46 #UTIL: 53372
5 42 #UTIL: 56167
5 42 44 #UTIL: 58568
5 42 44 46 #UTIL: 57010
5 42 74 44 #UTIL: 51902
5 21 42 44 #UTIL: 51035
5 38 42 44 #UTIL: 54116
5 42 46 #UTIL: 57484
5 38 42 #UTIL: 51817
42 31 #UTIL: 50013
42 44 31 #UTIL: 51340
42 44 46 31 #UTIL: 50398
42 46 31 #UTIL: 51191
24 40 #UTIL: 96273
24 40 42 #UTIL: 72919
24 40 42 44 #UTIL: 70509
24 40 42 44 46 #UTIL: 62516
24 40 42 74 44 46 #UTIL: 66486
38 24 40 42 74 44 46 #UTIL: 51699
38 54 24 40 42 74 44 46 #UTIL: 54507
54 24 40 42 74 44 46 #UTIL: 70336
38 54 24 40 42 44 46 #UTIL: 51612
54 24 40 42 44 46 #UTIL: 66366
24 40 42 74 44 #UTIL: 75235
21 24 40 42 74 44 #UTIL: 56797
21 54 24 40 42 74 44 #UTIL: 60055
38 24 40 42 74 44 #UTIL: 61422
38 54 24 40 42 74 44 #UTIL: 64938
54 24 40 42 74 44 #UTIL: 79841
21 24 40 42 44 #UTIL: 53454
21 54 24 40 42 44 #UTIL: 56712
38 24 40 42 44 #UTIL: 57830
38 54 24 40 42 44 #UTIL: 61346
54 24 40 42 44 #UTIL: 75115
24 40 42 46 #UTIL: 64797
24 40 42 74 46 #UTIL: 69189
38 24 40 42 74 46 #UTIL: 52756
38 54 24 40 42 74 46 #UTIL: 55793
54 24 40 42 74 46 #UTIL: 73456
38 54 24 40 42 46 #UTIL: 52662
54 24 40 42 46 #UTIL: 69064
24 40 42 74 #UTIL: 78171
21 24 40 42 74 #UTIL: 57609
21 54 24 40 42 74 #UTIL: 61129
38 24 40 42 74 #UTIL: 63049
38 54 24 40 42 74 #UTIL: 66893
54 24 40 42 74 #UTIL: 83293
21 24 40 42 #UTIL: 54013
21 54 24 40 42 #UTIL: 57533
38 24 40 42 #UTIL: 59117
38 54 24 40 42 #UTIL: 62961
54 24 40 42 #UTIL: 78041
24 40 44 #UTIL: 88803
24 40 44 46 #UTIL: 76648
24 40 74 44 46 #UTIL: 81844
21 24 40 74 44 46 #UTIL: 57801
21 54 24 40 74 44 46 #UTIL: 61105
38 24 40 74 44 46 #UTIL: 61206
38 54 24 40 74 44 46 #UTIL: 64706
54 24 40 74 44 46 #UTIL: 86873
21 24 40 44 46 #UTIL: 54375
21 54 24 40 44 46 #UTIL: 57679
38 24 40 44 46 #UTIL: 57555
38 54 24 40 44 46 #UTIL: 61055
54 24 40 44 46 #UTIL: 81677
24 40 74 44 #UTIL: 95177
21 24 40 74 44 #UTIL: 72343
21 38 24 40 74 44 #UTIL: 54941
21 38 54 24 40 74 44 #UTIL: 57990
21 54 24 40 74 44 #UTIL: 76726
38 24 40 74 44 #UTIL: 75067
38 54 24 40 74 44 #UTIL: 79587
54 24 40 74 44 #UTIL: 101369
54 24 40 74 44 13 #UTIL: 58293
54 24 40 73 74 44 #UTIL: 57042
24 40 74 44 13 #UTIL: 54907
24 40 73 74 44 #UTIL: 53968
21 24 40 44 #UTIL: 67835
21 38 24 40 44 #UTIL: 51748
21 38 54 24 40 44 #UTIL: 54797
21 54 24 40 44 #UTIL: 72218
38 24 40 44 #UTIL: 70378
38 54 24 40 44 #UTIL: 74898
54 24 40 44 #UTIL: 94995
54 24 40 44 13 #UTIL: 54827
54 24 40 73 44 #UTIL: 53883
24 40 44 13 #UTIL: 51441
24 40 73 44 #UTIL: 50809
24 40 46 #UTIL: 81459
24 40 74 46 #UTIL: 87381
21 24 40 74 46 #UTIL: 58739
21 54 24 40 74 46 #UTIL: 62292
38 24 40 74 46 #UTIL: 62729
38 54 24 40 74 46 #UTIL: 66576
54 24 40 74 46 #UTIL: 93116
54 24 40 74 13 46 #UTIL: 53716
54 24 40 73 74 46 #UTIL: 51645
24 40 74 13 46 #UTIL: 50631
21 24 40 46 #UTIL: 55065
21 54 24 40 46 #UTIL: 58618
38 24 40 46 #UTIL: 58735
38 54 24 40 46 #UTIL: 62582
54 24 40 46 #UTIL: 87194
54 24 40 13 46 #UTIL: 50530
24 40 74 #UTIL: 103765
21 24 40 74 #UTIL: 77288
21 38 24 40 74 #UTIL: 54656
21 38 54 24 40 74 #UTIL: 57907
21 54 24 40 74 #UTIL: 82312
21 54 24 40 73 74 #UTIL: 50919
38 24 40 74 #UTIL: 77838
38 54 24 40 74 #UTIL: 82907
54 24 40 74 #UTIL: 111055
54 24 40 74 13 #UTIL: 65134
54 24 40 73 74 #UTIL: 62367
54 24 40 74 14 #UTIL: 53342
24 40 74 13 #UTIL: 61077
24 40 73 74 #UTIL: 58783
24 40 74 14 #UTIL: 50109
21 24 40 #UTIL: 72140
21 38 24 40 #UTIL: 51263
21 38 54 24 40 #UTIL: 54514
21 54 24 40 #UTIL: 77164
38 24 40 #UTIL: 72606
38 54 24 40 #UTIL: 77675
54 24 40 #UTIL: 103563
54 24 40 13 #UTIL: 61014
54 24 40 73 #UTIL: 58697
24 40 13 #UTIL: 56957
24 40 73 #UTIL: 55113
48 24 #UTIL: 63540
48 54 24 42 74 44 46 #UTIL: 52124
48 24 42 74 44 #UTIL: 53645
48 54 24 42 74 44 #UTIL: 57977
48 54 24 42 44 #UTIL: 53513
48 54 24 42 74 46 #UTIL: 53199
48 24 42 74 #UTIL: 54348
48 54 24 42 74 #UTIL: 59168
48 54 24 42 #UTIL: 54214
48 24 44 #UTIL: 60245
48 24 44 46 #UTIL: 53727
48 24 74 44 46 #UTIL: 58668
48 54 24 74 44 46 #UTIL: 63469
48 54 24 44 46 #UTIL: 58528
48 24 74 44 #UTIL: 66281
48 21 24 74 44 #UTIL: 52303
48 21 54 24 74 44 #UTIL: 56479
48 38 24 74 44 #UTIL: 50800
48 38 54 24 74 44 #UTIL: 54938
48 54 24 74 44 #UTIL: 72157
48 21 54 24 44 #UTIL: 52192
48 38 54 24 44 #UTIL: 50670
48 54 24 44 #UTIL: 66121
48 24 46 #UTIL: 55436
48 24 74 46 #UTIL: 61057
48 54 24 74 46 #UTIL: 66533
48 54 24 46 #UTIL: 60912
48 24 74 #UTIL: 70648
48 21 24 74 #UTIL: 54813
48 21 54 24 74 #UTIL: 59630
48 38 24 74 #UTIL: 52100
48 38 54 24 74 #UTIL: 56756
48 54 24 74 #UTIL: 77591
48 21 54 24 #UTIL: 54703
48 38 54 24 #UTIL: 51991
48 54 24 #UTIL: 70483
52 24 #UTIL: 59786
52 54 24 42 74 44 46 #UTIL: 51695
52 24 42 74 44 #UTIL: 52071
52 54 24 42 74 44 #UTIL: 56727
52 54 24 42 44 #UTIL: 51926
52 54 24 42 74 46 #UTIL: 52706
52 24 42 74 #UTIL: 52462
52 54 24 42 74 #UTIL: 57634
52 54 24 42 #UTIL: 52307
52 24 44 #UTIL: 57226
52 24 44 46 #UTIL: 51877
52 24 74 44 46 #UTIL: 57149
52 54 24 74 44 46 #UTIL: 62246
52 54 24 44 46 #UTIL: 56974
52 24 74 44 #UTIL: 63690
52 21 54 24 74 44 #UTIL: 54135
52 38 24 74 44 #UTIL: 50436
52 38 54 24 74 44 #UTIL: 54920
52 54 24 74 44 #UTIL: 69962
52 38 54 24 44 #UTIL: 50263
52 54 24 44 #UTIL: 63498
52 24 46 #UTIL: 53466
52 24 74 46 #UTIL: 59464
52 54 24 74 46 #UTIL: 65267
52 54 24 46 #UTIL: 59269
52 24 74 #UTIL: 67368
52 21 24 74 #UTIL: 51616
52 21 54 24 74 #UTIL: 56728
52 38 24 74 #UTIL: 51119
52 38 54 24 74 #UTIL: 56152
52 54 24 74 #UTIL: 74738
52 21 54 24 #UTIL: 51483
52 38 54 24 #UTIL: 50952
52 54 24 #UTIL: 67156
34 24 #UTIL: 57260
34 24 42 74 44 #UTIL: 50762
34 54 24 42 74 44 #UTIL: 55237
34 54 24 42 44 #UTIL: 50612
34 54 24 42 74 46 #UTIL: 50945
34 24 42 74 #UTIL: 51312
34 54 24 42 74 #UTIL: 56303
34 54 24 42 #UTIL: 51152
34 24 44 #UTIL: 55276
34 24 74 44 46 #UTIL: 54643
34 54 24 74 44 46 #UTIL: 59473
34 54 24 44 46 #UTIL: 54488
34 24 74 44 #UTIL: 61453
34 21 54 24 74 44 #UTIL: 52753
34 38 54 24 74 44 #UTIL: 53591
34 54 24 74 44 #UTIL: 67458
34 54 24 44 #UTIL: 61281
34 24 46 #UTIL: 51074
34 24 74 46 #UTIL: 56780
34 54 24 74 46 #UTIL: 62314
34 54 24 46 #UTIL: 56608
34 24 74 #UTIL: 64494
34 21 54 24 74 #UTIL: 54681
34 38 24 74 #UTIL: 50139
34 38 54 24 74 #UTIL: 54993
34 54 24 74 #UTIL: 71544
34 54 24 #UTIL: 64310
68 54 24 74 44 #UTIL: 53650
68 54 24 74 #UTIL: 54261
54 24 74 44 29 46 #UTIL: 52392
24 74 44 29 #UTIL: 51942
54 24 74 44 29 #UTIL: 58217
54 24 44 29 #UTIL: 51748
54 24 74 29 46 #UTIL: 53730
24 74 29 #UTIL: 53233
54 24 74 29 #UTIL: 60606
54 24 29 #UTIL: 53019
54 24 74 60 44 46 #UTIL: 51855
24 74 60 44 #UTIL: 50874
54 24 74 60 44 #UTIL: 57204
54 24 60 44 #UTIL: 50686
54 24 74 60 46 #UTIL: 53196
24 74 60 #UTIL: 52280
54 24 74 60 #UTIL: 59708
54 24 60 #UTIL: 52072
54 24 56 74 44 46 #UTIL: 50117
54 24 56 74 44 #UTIL: 55844
54 24 56 74 46 #UTIL: 51606
24 56 74 #UTIL: 51001
54 24 56 74 #UTIL: 58079
54 24 56 #UTIL: 50788
66 54 24 74 44 46 #UTIL: 52711
66 24 74 44 #UTIL: 51750
66 54 24 74 44 #UTIL: 58080
66 54 24 44 #UTIL: 51562
66 54 24 74 46 #UTIL: 54156
66 24 74 #UTIL: 53192
66 54 24 74 #UTIL: 60620
66 54 24 #UTIL: 52984
40 25 #UTIL: 185183
40 24 25 #UTIL: 96756
40 24 25 42 #UTIL: 72777
40 24 25 42 44 #UTIL: 70073
40 24 25 42 44 46 #UTIL: 62482
40 24 25 42 74 44 46 #UTIL: 66223
38 40 24 25 42 74 44 46 #UTIL: 51527
38 54 40 24 25 42 74 44 46 #UTIL: 54178
54 40 24 25 42 74 44 46 #UTIL: 69802
38 54 40 24 25 42 44 46 #UTIL: 51433
54 40 24 25 42 44 46 #UTIL: 66061
40 24 25 42 74 44 #UTIL: 74505
21 40 24 25 42 74 44 #UTIL: 55596
21 54 40 24 25 42 74 44 #UTIL: 58599
38 40 24 25 42 74 44 #UTIL: 60696
38 54 40 24 25 42 74 44 #UTIL: 63986
54 40 24 25 42 74 44 #UTIL: 78768
21 40 24 25 42 44 #UTIL: 52470
21 54 40 24 25 42 44 #UTIL: 55473
38 40 24 25 42 44 #UTIL: 57313
38 54 40 24 25 42 44 #UTIL: 60603
54 40 24 25 42 44 #UTIL: 74336
40 24 25 42 46 #UTIL: 64869
40 24 25 42 74 46 #UTIL: 68991
38 40 24 25 42 74 46 #UTIL: 52513
38 54 40 24 25 42 74 46 #UTIL: 55355
54 40 24 25 42 74 46 #UTIL: 72943
38 54 40 24 25 42 46 #UTIL: 52405
54 40 24 25 42 46 #UTIL: 68821
40 24 25 42 74 #UTIL: 77694
21 40 24 25 42 74 #UTIL: 56859
21 54 40 24 25 42 74 #UTIL: 60124
38 40 24 25 42 74 #UTIL: 62427
38 54 40 24 25 42 74 #UTIL: 66007
54 40 24 25 42 74 #UTIL: 82429
21 40 24 25 42 #UTIL: 53480
21 54 40 24 25 42 #UTIL: 56745
38 40 24 25 42 #UTIL: 58735
38 54 40 24 25 42 #UTIL: 62315
54 40 24 25 42 #UTIL: 77512
40 24 25 44 #UTIL: 88317
40 24 25 44 46 #UTIL: 76598
40 24 25 74 44 46 #UTIL: 81444
21 40 24 25 74 44 46 #UTIL: 56743
21 54 40 24 25 74 44 46 #UTIL: 59778
38 40 24 25 74 44 46 #UTIL: 60799
38 54 40 24 25 74 44 46 #UTIL: 64084
54 40 24 25 74 44 46 #UTIL: 86109
21 40 24 25 44 46 #UTIL: 53566
21 54 40 24 25 44 46 #UTIL: 56601
38 40 24 25 44 46 #UTIL: 57378
38 54 40 24 25 44 46 #UTIL: 60663
54 40 24 25 44 46 #UTIL: 81263
40 24 25 74 44 #UTIL: 94228
21 40 24 25 74 44 #UTIL: 70386
21 38 40 24 25 74 44 #UTIL: 53222
21 38 54 40 24 25 74 44 #UTIL: 56012
21 54 40 24 25 74 44 #UTIL: 74375
38 40 24 25 74 44 #UTIL: 73918
38 54 40 24 25 74 44 #UTIL: 78103
54 40 24 25 74 44 #UTIL: 99931
54 40 24 25 74 44 13 #UTIL: 56002
54 40 24 25 73 74 44 #UTIL: 54640
40 24 25 74 44 13 #UTIL: 52956
40 24 25 73 74 44 #UTIL: 51901
21 40 24 25 44 #UTIL: 66240
21 38 40 24 25 44 #UTIL: 50275
21 38 54 40 24 25 44 #UTIL: 53065
21 54 40 24 25 44 #UTIL: 70229
38 40 24 25 44 #UTIL: 69564
38 54 40 24 25 44 #UTIL: 73749
54 40 24 25 44 #UTIL: 94020
54 40 24 25 44 13 #UTIL: 52849
54 40 24 25 73 44 #UTIL: 51782
40 24 25 46 #UTIL: 81880
40 24 25 74 46 #UTIL: 87401
21 40 24 25 74 46 #UTIL: 58174
21 54 40 24 25 74 46 #UTIL: 61458
38 40 24 25 74 46 #UTIL: 62325
38 54 40 24 25 74 46 #UTIL: 65916
54 40 24 25 74 46 #UTIL: 92725
54 40 24 25 74 13 46 #UTIL: 52317
54 40 24 25 73 74 46 #UTIL: 50342
21 40 24 25 46 #UTIL: 54749
21 54 40 24 25 46 #UTIL: 58033
38 40 24 25 46 #UTIL: 58602
38 54 40 24 25 46 #UTIL: 62193
54 40 24 25 46 #UTIL: 87204
40 24 25 74 #UTIL: 103734
21 40 24 25 74 #UTIL: 76286
21 38 40 24 25 74 #UTIL: 53374
21 38 54 40 24 25 74 #UTIL: 56366
21 54 40 24 25 74 #UTIL: 80916
38 40 24 25 74 #UTIL: 77011
38 54 40 24 25 74 #UTIL: 81704
54 40 24 25 74 #UTIL: 110488
54 40 24 25 74 13 #UTIL: 63280
54 40 24 25 73 74 #UTIL: 60699
54 40 24 25 74 14 #UTIL: 54149
40 24 25 74 13 #UTIL: 59601
40 24 25 73 74 #UTIL: 57459
40 24 25 74 14 #UTIL: 51074
21 40 24 25 #UTIL: 71500
21 38 40 24 25 #UTIL: 50227
21 38 54 40 24 25 #UTIL: 53219
21 54 40 24 25 #UTIL: 76130
38 40 24 25 #UTIL: 72155
38 54 40 24 25 #UTIL: 76848
54 40 24 25 #UTIL: 103510
54 40 24 25 13 #UTIL: 59504
54 40 24 25 73 #UTIL: 57337
54 40 24 25 14 #UTIL: 50947
40 24 25 13 #UTIL: 55825
40 24 25 73 #UTIL: 54097
40 25 42 #UTIL: 169896
40 25 42 44 #UTIL: 153153
40 25 42 44 46 #UTIL: 135416
51 40 25 42 44 46 #UTIL: 63837
51 40 25 42 74 44 46 #UTIL: 50171
40 25 42 74 44 46 #UTIL: 108424
21 40 25 42 74 44 46 #UTIL: 76761
21 38 40 25 42 74 44 46 #UTIL: 58014
21 54 40 25 42 74 44 46 #UTIL: 63615
38 40 25 42 74 44 46 #UTIL: 86454
38 54 40 25 42 74 44 46 #UTIL: 72897
54 40 25 42 74 44 46 #UTIL: 91652
54 40 25 42 74 44 13 46 #UTIL: 50701
40 25 42 74 44 13 46 #UTIL: 58278
40 25 42 74 44 46 14 #UTIL: 57087
21 40 25 42 44 46 #UTIL: 96789
21 38 40 25 42 44 46 #UTIL: 70606
21 38 54 40 25 42 44 46 #UTIL: 51216
21 54 40 25 42 44 46 #UTIL: 70769
21 40 25 42 44 46 14 #UTIL: 54622
38 40 25 42 44 46 #UTIL: 104946
38 54 40 25 42 44 46 #UTIL: 77814
38 40 25 42 44 28 46 #UTIL: 58137
38 40 25 42 44 13 46 #UTIL: 56128
38 40 25 42 44 46 14 #UTIL: 55500
54 40 25 42 44 46 #UTIL: 100226
54 40 25 42 44 13 46 #UTIL: 54910
54 40 25 42 44 46 14 #UTIL: 51749
40 25 42 44 12 46 #UTIL: 61787
40 25 42 44 28 46 #UTIL: 58022
40 25 42 44 13 46 #UTIL: 72272
40 25 42 44 46 14 #UTIL: 72431
51 40 25 42 44 #UTIL: 69988
51 40 25 42 74 44 #UTIL: 54675
51 21 40 25 42 44 #UTIL: 57612
40 25 42 74 44 #UTIL: 122405
21 40 25 42 74 44 #UTIL: 92656
21 38 40 25 42 74 44 #UTIL: 74718
21 38 54 40 25 42 74 44 #UTIL: 61003
21 54 40 25 42 74 44 #UTIL: 76122
21 40 25 42 74 44 14 #UTIL: 51559
38 40 25 42 74 44 #UTIL: 101933
38 54 40 25 42 74 44 #UTIL: 85379
38 40 25 42 74 44 28 #UTIL: 56682
38 40 25 42 74 44 13 #UTIL: 55985
38 40 25 42 74 44 14 #UTIL: 52433
54 40 25 42 74 44 #UTIL: 102708
54 40 25 42 74 44 13 #UTIL: 57650
54 40 25 42 74 44 14 #UTIL: 51651
40 25 42 74 44 12 #UTIL: 54226
40 25 42 74 44 28 #UTIL: 55522
40 25 42 74 44 13 #UTIL: 66660
40 25 42 74 44 14 #UTIL: 64104
20 40 25 42 74 44 #UTIL: 52016
21 40 25 42 44 #UTIL: 117049
21 38 40 25 42 44 #UTIL: 91480
21 38 54 40 25 42 44 #UTIL: 64854
21 38 40 25 42 44 28 #UTIL: 51788
21 38 40 25 42 44 14 #UTIL: 50588
21 54 40 25 42 44 #UTIL: 83287
21 40 25 42 44 12 #UTIL: 57832
21 40 25 42 44 28 #UTIL: 51701
21 40 25 42 44 13 #UTIL: 59130
21 40 25 42 44 14 #UTIL: 65894
38 40 25 42 44 #UTIL: 124316
38 54 40 25 42 44 #UTIL: 90508
38 54 40 25 42 44 28 #UTIL: 50765
38 54 40 25 42 44 13 #UTIL: 50473
38 40 25 42 44 12 #UTIL: 56884
38 40 25 42 44 28 #UTIL: 70807
38 40 25 42 44 13 #UTIL: 67723
38 40 25 42 44 14 #UTIL: 65028
20 38 40 25 42 44 #UTIL: 56196
54 40 25 42 44 #UTIL: 111199
54 40 25 42 44 28 #UTIL: 50260
54 40 25 42 44 13 #UTIL: 61632
54 40 25 42 44 14 #UTIL: 57168
40 25 42 44 12 #UTIL: 72950
55 40 25 42 44 #UTIL: 56612
40 25 42 44 28 #UTIL: 69685
40 25 42 44 13 #UTIL: 82997
40 25 42 44 14 #UTIL: 81402
18 20 40 25 42 44 #UTIL: 51677
20 40 25 42 44 #UTIL: 67052
40 25 42 46 #UTIL: 151194
51 40 25 42 46 #UTIL: 71458
51 40 25 42 74 46 #UTIL: 54775
51 21 40 25 42 46 #UTIL: 54100
40 25 42 74 46 #UTIL: 116790
21 40 25 42 74 46 #UTIL: 81322
21 38 40 25 42 74 46 #UTIL: 58675
21 54 40 25 42 74 46 #UTIL: 65675
38 40 25 42 74 46 #UTIL: 91354
38 54 40 25 42 74 46 #UTIL: 76324
38 40 25 42 74 28 46 #UTIL: 51345
54 40 25 42 74 46 #UTIL: 97396
54 40 25 42 74 13 46 #UTIL: 54152
40 25 42 74 28 46 #UTIL: 50440
40 25 42 74 13 46 #UTIL: 62959
40 25 42 74 46 14 #UTIL: 61717
40 25 42 75 46 #UTIL: 51357
21 40 25 42 46 #UTIL: 104680
21 38 40 25 42 46 #UTIL: 71363
21 38 54 40 25 42 46 #UTIL: 50731
21 54 40 25 42 46 #UTIL: 74003
21 40 25 42 13 46 #UTIL: 52568
21 40 25 42 46 14 #UTIL: 59179
38 40 25 42 46 #UTIL: 112493
38 54 40 25 42 46 #UTIL: 81089
38 40 25 42 28 46 #UTIL: 63259
38 40 25 42 13 46 #UTIL: 59920
38 40 25 42 46 14 #UTIL: 60152
54 40 25 42 46 #UTIL: 107031
54 40 25 42 13 46 #UTIL: 59022
54 40 25 42 46 14 #UTIL: 55284
40 25 42 12 46 #UTIL: 67551
39 40 25 42 46 #UTIL: 53113
55 40 25 42 46 #UTIL: 58601
40 25 42 28 46 #UTIL: 62435
40 25 42 13 46 #UTIL: 80356
40 25 42 46 14 #UTIL: 81840
22 40 25 42 46 #UTIL: 57360
51 40 25 42 #UTIL: 78064
51 40 25 42 74 #UTIL: 59411
51 21 40 25 42 #UTIL: 62911
51 38 40 25 42 #UTIL: 52913
51 54 40 25 42 #UTIL: 53177
40 25 42 74 #UTIL: 131143
21 40 25 42 74 #UTIL: 98371
21 38 40 25 42 74 #UTIL: 76399
21 38 54 40 25 42 74 #UTIL: 61538
21 54 40 25 42 74 #UTIL: 78787
21 40 25 42 74 13 #UTIL: 50806
21 40 25 42 74 14 #UTIL: 54169
38 40 25 42 74 #UTIL: 107158
38 54 40 25 42 74 #UTIL: 89245
38 54 40 25 42 74 13 #UTIL: 50646
38 40 25 42 74 28 #UTIL: 59836
38 40 25 42 74 13 #UTIL: 59005
38 40 25 42 74 14 #UTIL: 55369
54 40 25 42 74 #UTIL: 108459
54 40 25 42 74 13 #UTIL: 61243
54 40 25 42 74 14 #UTIL: 54576
40 25 42 74 12 #UTIL: 57238
40 25 42 74 28 #UTIL: 58165
40 25 42 74 13 #UTIL: 71856
40 25 42 74 14 #UTIL: 68755
20 40 25 42 74 #UTIL: 52870
40 25 42 75 #UTIL: 59382
21 40 25 42 #UTIL: 127332
21 38 40 25 42 #UTIL: 93280
21 38 54 40 25 42 #UTIL: 65524
21 38 40 25 42 28 #UTIL: 51000
21 38 40 25 42 14 #UTIL: 51306
21 54 40 25 42 #UTIL: 87511
21 40 25 42 12 #UTIL: 59863
21 55 40 25 42 #UTIL: 52416
21 40 25 42 28 #UTIL: 50600
21 40 25 42 13 #UTIL: 65301
21 40 25 42 14 #UTIL: 71237
38 40 25 42 #UTIL: 131865
38 54 40 25 42 #UTIL: 94294
38 54 40 25 42 28 #UTIL: 52013
38 54 40 25 42 13 #UTIL: 52817
38 40 25 42 12 #UTIL: 58981
38 55 40 25 42 #UTIL: 50068
38 40 25 42 28 #UTIL: 74515
38 40 25 42 13 #UTIL: 71832
38 40 25 42 14 #UTIL: 69553
20 38 40 25 42 #UTIL: 57111
54 40 25 42 #UTIL: 118293
54 40 25 42 28 #UTIL: 51115
54 40 25 42 13 #UTIL: 66078
54 40 25 42 14 #UTIL: 60813
40 25 42 12 #UTIL: 78517
39 40 25 42 #UTIL: 55191
55 40 25 42 #UTIL: 69427
40 25 42 28 #UTIL: 72676
40 25 42 13 #UTIL: 92179
40 25 42 14 #UTIL: 91018
18 20 40 25 42 #UTIL: 50567
20 40 25 42 #UTIL: 69374
22 40 25 42 #UTIL: 55792
40 25 44 #UTIL: 164816
40 25 44 46 #UTIL: 144397
51 40 25 44 46 #UTIL: 66338
51 40 25 74 44 46 #UTIL: 54040
51 21 40 25 44 46 #UTIL: 50923
40 25 74 44 46 #UTIL: 121033
21 40 25 74 44 46 #UTIL: 84807
21 38 40 25 74 44 46 #UTIL: 62741
21 38 54 40 25 74 44 46 #UTIL: 53472
21 54 40 25 74 44 46 #UTIL: 73434
38 40 25 74 44 46 #UTIL: 94129
38 54 40 25 74 44 46 #UTIL: 82390
38 40 25 74 44 13 46 #UTIL: 52311
54 40 25 74 44 46 #UTIL: 106953
54 40 25 74 44 13 46 #UTIL: 61638
54 40 25 73 74 44 46 #UTIL: 52805
54 40 25 74 44 46 14 #UTIL: 52175
40 25 74 44 13 46 #UTIL: 67748
40 25 74 44 46 14 #UTIL: 61534
21 40 25 44 46 #UTIL: 102506
21 38 40 25 44 46 #UTIL: 73891
21 38 54 40 25 44 46 #UTIL: 56253
21 54 40 25 44 46 #UTIL: 79167
21 40 25 44 13 46 #UTIL: 52480
21 40 25 44 46 14 #UTIL: 57011
38 40 25 44 46 #UTIL: 110265
38 54 40 25 44 46 #UTIL: 85909
38 40 25 44 28 46 #UTIL: 55522
38 40 25 44 13 46 #UTIL: 60367
38 40 25 44 46 14 #UTIL: 57410
54 40 25 44 46 #UTIL: 113321
54 40 25 44 13 46 #UTIL: 64611
54 40 25 44 46 14 #UTIL: 56451
40 25 44 12 46 #UTIL: 62107
40 25 44 28 46 #UTIL: 55162
40 25 44 13 46 #UTIL: 79821
40 25 44 46 14 #UTIL: 75171
22 40 25 44 46 #UTIL: 52349
51 40 25 44 #UTIL: 73135
51 40 25 74 44 #UTIL: 59502
51 54 40 25 74 44 #UTIL: 51470
51 21 40 25 44 #UTIL: 59780
51 54 40 25 44 #UTIL: 54388
40 25 74 44 #UTIL: 138704
21 40 25 74 44 #UTIL: 104731
21 38 40 25 74 44 #UTIL: 82447
21 38 54 40 25 74 44 #UTIL: 70445
21 54 40 25 74 44 #UTIL: 90711
21 40 25 74 44 13 #UTIL: 54603
21 40 25 74 44 14 #UTIL: 57242
38 40 25 74 44 #UTIL: 112600
38 54 40 25 74 44 #UTIL: 98474
38 54 40 25 74 44 13 #UTIL: 56825
38 40 25 74 44 28 #UTIL: 54224
38 40 25 74 44 13 #UTIL: 63198
38 40 25 74 44 14 #UTIL: 57025
20 38 40 25 74 44 #UTIL: 50485
54 40 25 74 44 #UTIL: 122496
54 40 25 74 44 13 #UTIL: 71358
54 40 25 73 74 44 #UTIL: 60996
54 40 25 74 44 14 #UTIL: 59468
20 54 40 25 74 44 #UTIL: 52901
40 25 74 44 12 #UTIL: 57158
40 25 74 44 28 #UTIL: 52882
40 25 74 44 13 #UTIL: 78453
40 25 73 74 44 #UTIL: 57544
40 25 74 44 14 #UTIL: 70347
20 40 25 74 44 #UTIL: 60829
21 40 25 44 #UTIL: 125884
21 38 40 25 44 #UTIL: 97059
21 38 54 40 25 44 #UTIL: 73085
21 38 40 25 44 13 #UTIL: 50084
21 38 40 25 44 14 #UTIL: 53548
21 54 40 25 44 #UTIL: 95951
21 54 40 25 44 13 #UTIL: 50409
21 54 40 25 44 14 #UTIL: 52028
21 40 25 44 12 #UTIL: 58024
21 40 25 44 13 #UTIL: 65099
21 40 25 44 14 #UTIL: 69955
20 21 40 25 44 #UTIL: 51712
38 40 25 44 #UTIL: 131822
38 54 40 25 44 #UTIL: 101769
38 54 40 25 44 13 #UTIL: 57964
38 54 40 25 44 14 #UTIL: 50701
38 40 25 44 12 #UTIL: 56792
38 40 25 44 28 #UTIL: 67273
38 40 25 44 13 #UTIL: 73284
38 40 25 44 14 #UTIL: 68111
20 38 40 25 44 #UTIL: 60766
54 40 25 44 #UTIL: 128203
54 40 25 44 12 #UTIL: 50651
54 40 25 44 13 #UTIL: 73755
54 40 25 73 44 #UTIL: 57379
54 40 25 44 14 #UTIL: 63786
20 54 40 25 44 #UTIL: 55407
40 25 44 12 #UTIL: 74100
55 40 25 44 #UTIL: 52988
40 25 44 28 #UTIL: 65899
40 25 44 13 #UTIL: 92295
40 25 73 44 #UTIL: 53927
40 25 44 14 #UTIL: 85504
18 40 25 44 #UTIL: 52771
18 20 40 25 44 #UTIL: 56338
20 40 25 44 #UTIL: 73802
22 40 25 44 #UTIL: 51736
40 25 46 #UTIL: 161227
51 40 25 46 #UTIL: 74415
51 40 25 74 46 #UTIL: 59469
51 54 40 25 74 46 #UTIL: 50947
51 21 40 25 46 #UTIL: 55171
51 54 40 25 46 #UTIL: 54444
40 25 74 46 #UTIL: 131520
21 40 25 74 46 #UTIL: 89688
21 38 40 25 74 46 #UTIL: 62716
21 38 54 40 25 74 46 #UTIL: 52419
21 54 40 25 74 46 #UTIL: 76126
38 40 25 74 46 #UTIL: 98924
38 54 40 25 74 46 #UTIL: 85998
38 40 25 74 13 46 #UTIL: 54822
38 40 25 74 46 14 #UTIL: 50800
54 40 25 74 46 #UTIL: 115434
54 40 25 74 13 46 #UTIL: 67112
54 40 25 73 74 46 #UTIL: 54922
54 40 25 74 46 14 #UTIL: 56152
40 25 74 12 46 #UTIL: 50565
40 25 74 13 46 #UTIL: 74116
40 25 73 74 46 #UTIL: 51731
40 25 74 46 14 #UTIL: 66914
22 40 25 74 46 #UTIL: 51250
21 40 25 46 #UTIL: 110260
21 38 40 25 46 #UTIL: 73884
21 38 54 40 25 46 #UTIL: 55176
21 54 40 25 46 #UTIL: 82812
21 40 25 13 46 #UTIL: 56939
21 40 25 46 14 #UTIL: 61288
38 40 25 46 #UTIL: 117301
38 54 40 25 46 #UTIL: 89218
38 54 40 25 13 46 #UTIL: 50555
38 40 25 28 46 #UTIL: 60157
38 40 25 13 46 #UTIL: 63961
38 40 25 46 14 #UTIL: 61840
38 22 40 25 46 #UTIL: 51952
54 40 25 46 #UTIL: 122373
54 40 25 13 46 #UTIL: 70478
54 40 25 73 46 #UTIL: 51646
54 40 25 46 14 #UTIL: 60794
40 25 12 46 #UTIL: 67984
39 40 25 46 #UTIL: 60859
55 40 25 46 #UTIL: 54913
40 25 28 46 #UTIL: 59088
40 25 13 46 #UTIL: 89071
40 25 46 14 #UTIL: 84782
22 40 25 46 #UTIL: 63451
51 40 25 #UTIL: 82925
51 40 25 74 #UTIL: 66513
51 21 40 25 74 #UTIL: 53388
51 54 40 25 74 #UTIL: 57283
51 21 40 25 #UTIL: 66334
51 38 40 25 #UTIL: 54689
51 54 40 25 #UTIL: 60689
40 25 74 #UTIL: 152656
21 40 25 74 #UTIL: 114444
21 38 40 25 74 #UTIL: 84241
21 38 54 40 25 74 #UTIL: 71336
21 54 40 25 74 #UTIL: 98105
21 54 40 25 74 13 #UTIL: 54627
21 54 40 25 73 74 #UTIL: 53455
21 54 40 25 74 14 #UTIL: 50078
21 40 25 74 13 #UTIL: 61961
21 40 25 73 74 #UTIL: 50406
21 40 25 74 14 #UTIL: 60711
38 40 25 74 #UTIL: 118283
38 54 40 25 74 #UTIL: 103215
38 54 40 25 74 13 #UTIL: 59881
38 54 40 25 74 14 #UTIL: 50349
38 40 25 74 28 #UTIL: 57008
38 40 25 74 13 #UTIL: 66735
38 40 25 74 14 #UTIL: 60101
20 38 40 25 74 #UTIL: 51838
54 40 25 74 #UTIL: 134496
54 40 25 74 12 #UTIL: 50492
54 40 25 74 13 #UTIL: 79997
54 40 25 73 74 #UTIL: 66634
54 40 25 74 14 #UTIL: 64250
20 54 40 25 74 #UTIL: 57195
40 25 74 12 #UTIL: 62138
40 25 74 28 #UTIL: 55155
40 25 74 13 #UTIL: 88058
40 25 73 74 #UTIL: 62593
40 25 74 14 #UTIL: 76457
20 40 25 74 #UTIL: 65260
40 25 75 #UTIL: 55589
21 40 25 #UTIL: 139187
21 38 40 25 #UTIL: 98746
21 38 54 40 25 #UTIL: 73974
21 38 40 25 13 #UTIL: 51856
21 38 40 25 14 #UTIL: 54047
21 54 40 25 #UTIL: 104309
21 54 40 25 13 #UTIL: 57022
21 54 40 25 73 #UTIL: 50269
21 54 40 25 14 #UTIL: 54796
21 40 25 12 #UTIL: 61932
21 39 40 25 #UTIL: 55081
21 40 25 13 #UTIL: 74277
21 40 25 14 #UTIL: 75740
20 21 40 25 #UTIL: 57747
38 40 25 #UTIL: 139275
38 54 40 25 #UTIL: 106164
38 54 40 25 13 #UTIL: 60903
38 54 40 25 14 #UTIL: 52962
38 40 25 12 #UTIL: 59021
38 40 25 28 #UTIL: 70494
38 40 25 13 #UTIL: 77626
38 40 25 14 #UTIL: 72506
20 38 40 25 #UTIL: 62043
38 22 40 25 #UTIL: 51433
54 40 25 #UTIL: 140682
54 40 25 12 #UTIL: 54370
54 40 25 13 #UTIL: 82713
54 40 25 73 #UTIL: 62429
54 40 25 14 #UTIL: 68958
20 54 40 25 #UTIL: 59468
40 25 12 #UTIL: 81175
39 40 25 #UTIL: 66591
55 40 25 #UTIL: 64701
40 25 28 #UTIL: 68403
40 25 13 #UTIL: 105003
40 25 73 #UTIL: 58388
40 25 14 #UTIL: 95872
18 40 25 #UTIL: 51127
18 20 40 25 #UTIL: 54850
20 40 25 #UTIL: 79120
22 40 25 #UTIL: 61548
48 25 #UTIL: 121189
48 24 25 #UTIL: 68141
48 24 25 42 #UTIL: 52235
48 24 25 42 44 #UTIL: 51611
48 24 25 42 74 44 46 #UTIL: 50567
48 54 24 25 42 74 44 46 #UTIL: 54073
48 54 24 25 42 44 46 #UTIL: 50405
48 24 25 42 74 44 #UTIL: 55935
48 54 24 25 42 74 44 #UTIL: 60092
48 54 24 25 42 44 #UTIL: 55768
48 24 25 42 74 46 #UTIL: 51496
48 54 24 25 42 74 46 #UTIL: 55366
48 54 24 25 42 46 #UTIL: 51331
48 24 25 42 74 #UTIL: 57030
48 54 24 25 42 74 #UTIL: 61650
48 54 24 25 42 #UTIL: 56855
48 24 25 44 #UTIL: 63825
48 24 25 44 46 #UTIL: 56785
48 24 25 74 44 46 #UTIL: 61587
48 54 24 25 74 44 46 #UTIL: 66221
48 54 24 25 44 46 #UTIL: 61419
48 24 25 74 44 #UTIL: 69667
48 21 24 25 74 44 #UTIL: 53987
48 21 54 24 25 74 44 #UTIL: 57955
48 38 24 25 74 44 #UTIL: 53214
48 38 54 24 25 74 44 #UTIL: 57215
48 54 24 25 74 44 #UTIL: 75314
48 21 54 24 25 44 #UTIL: 53831
48 38 54 24 25 44 #UTIL: 53064
48 54 24 25 44 #UTIL: 69472
48 24 25 46 #UTIL: 59089
48 24 25 74 46 #UTIL: 64552
48 54 24 25 74 46 #UTIL: 69836
48 54 24 25 46 #UTIL: 64373
48 24 25 74 #UTIL: 75036
48 21 24 25 74 #UTIL: 57251
48 21 54 24 25 74 #UTIL: 61860
48 38 24 25 74 #UTIL: 54965
48 38 54 24 25 74 #UTIL: 59465
48 54 24 25 74 #UTIL: 81725
48 21 24 25 #UTIL: 52487
48 21 54 24 25 #UTIL: 57096
48 38 24 25 #UTIL: 50326
48 38 54 24 25 #UTIL: 54826
48 54 24 25 #UTIL: 74830
48 25 42 #UTIL: 114781
48 25 42 44 #UTIL: 106941
48 25 42 44 46 #UTIL: 97140
48 51 25 42 44 46 #UTIL: 50324
48 25 42 74 44 46 #UTIL: 77868
48 21 25 42 74 44 46 #UTIL: 57062
48 38 25 42 74 44 46 #UTIL: 59695
48 38 54 25 42 74 44 46 #UTIL: 51535
48 54 25 42 74 44 46 #UTIL: 67496
48 21 25 42 44 46 #UTIL: 71661
48 21 38 25 42 44 46 #UTIL: 50227
48 21 54 25 42 44 46 #UTIL: 53243
48 38 25 42 44 46 #UTIL: 72972
48 38 54 25 42 44 46 #UTIL: 54683
48 54 25 42 44 46 #UTIL: 72720
48 25 42 44 13 46 #UTIL: 51036
48 25 42 44 46 14 #UTIL: 54999
48 51 25 42 44 #UTIL: 54110
48 25 42 74 44 #UTIL: 86008
48 21 25 42 74 44 #UTIL: 67623
48 21 38 25 42 74 44 #UTIL: 52750
48 21 54 25 42 74 44 #UTIL: 56980
48 38 25 42 74 44 #UTIL: 69691
48 38 54 25 42 74 44 #UTIL: 59673
48 54 25 42 74 44 #UTIL: 73971
48 21 25 42 44 #UTIL: 84697
48 21 38 25 42 44 #UTIL: 64715
48 21 54 25 42 44 #UTIL: 61263
48 21 25 42 44 14 #UTIL: 50139
48 38 25 42 44 #UTIL: 85252
48 38 54 25 42 44 #UTIL: 62748
48 54 25 42 44 #UTIL: 78755
48 25 42 44 12 #UTIL: 55948
48 25 42 44 13 #UTIL: 57380
48 25 42 44 14 #UTIL: 60349
48 25 42 46 #UTIL: 105230
48 51 25 42 46 #UTIL: 54596
48 25 42 74 46 #UTIL: 81431
48 21 25 42 74 46 #UTIL: 59092
48 38 25 42 74 46 #UTIL: 61756
48 38 54 25 42 74 46 #UTIL: 52792
48 54 25 42 74 46 #UTIL: 69692
48 21 25 42 46 #UTIL: 75554
48 21 54 25 42 46 #UTIL: 54411
48 38 25 42 46 #UTIL: 76448
48 38 54 25 42 46 #UTIL: 55501
48 54 25 42 46 #UTIL: 75295
48 25 42 12 46 #UTIL: 51747
48 25 42 13 46 #UTIL: 55749
48 25 42 46 14 #UTIL: 60058
48 51 25 42 #UTIL: 58444
48 25 42 74 #UTIL: 89205
48 21 25 42 74 #UTIL: 70029
48 21 38 25 42 74 #UTIL: 53207
48 21 54 25 42 74 #UTIL: 57688
48 38 25 42 74 #UTIL: 71531
48 38 54 25 42 74 #UTIL: 60981
48 54 25 42 74 #UTIL: 75783
48 21 25 42 #UTIL: 89727
48 21 38 25 42 #UTIL: 64864
48 21 54 25 42 #UTIL: 62803
48 21 25 42 14 #UTIL: 52648
48 38 25 42 #UTIL: 88159
48 38 54 25 42 #UTIL: 63653
48 38 25 42 28 #UTIL: 50996
48 54 25 42 #UTIL: 81041
48 25 42 12 #UTIL: 58750
48 55 25 42 #UTIL: 50870
48 25 42 13 #UTIL: 62544
48 25 42 14 #UTIL: 65047
48 25 44 #UTIL: 112004
48 25 44 46 #UTIL: 101600
48 51 25 44 46 #UTIL: 52031
48 25 74 44 46 #UTIL: 85905
48 21 25 74 44 46 #UTIL: 62713
48 21 54 25 74 44 46 #UTIL: 56039
48 38 25 74 44 46 #UTIL: 64283
48 38 54 25 74 44 46 #UTIL: 57814
48 54 25 74 44 46 #UTIL: 78141
48 21 25 44 46 #UTIL: 75006
48 21 38 25 44 46 #UTIL: 51955
48 21 54 25 44 46 #UTIL: 59182
48 38 25 44 46 #UTIL: 75282
48 38 54 25 44 46 #UTIL: 59593
48 54 25 44 46 #UTIL: 81161
48 25 44 13 46 #UTIL: 55433
48 25 44 46 14 #UTIL: 56384
48 51 25 44 #UTIL: 55915
48 25 74 44 #UTIL: 95648
48 21 25 74 44 #UTIL: 75392
48 21 38 25 74 44 #UTIL: 57465
48 21 38 54 25 74 44 #UTIL: 50227
48 21 54 25 74 44 #UTIL: 67198
48 38 25 74 44 #UTIL: 75692
48 38 54 25 74 44 #UTIL: 67957
48 54 25 74 44 #UTIL: 87006
48 54 25 74 44 13 #UTIL: 50860
48 25 74 44 13 #UTIL: 54337
48 25 74 44 14 #UTIL: 51008
48 21 25 44 #UTIL: 89257
48 21 38 25 44 #UTIL: 67348
48 21 38 54 25 44 #UTIL: 51380
48 21 54 25 44 #UTIL: 69545
48 21 25 44 14 #UTIL: 52277
48 38 25 44 #UTIL: 88188
48 38 54 25 44 #UTIL: 69235
48 54 25 44 #UTIL: 89006
48 54 25 44 13 #UTIL: 51356
48 25 44 12 #UTIL: 54937
48 25 44 13 #UTIL: 62504
48 25 44 14 #UTIL: 62030
48 20 25 44 #UTIL: 51348
48 25 46 #UTIL: 109655
48 51 25 46 #UTIL: 56196
48 25 74 46 #UTIL: 90502
48 21 25 74 46 #UTIL: 64356
48 21 54 25 74 46 #UTIL: 56498
48 38 25 74 46 #UTIL: 66207
48 38 54 25 74 46 #UTIL: 59220
48 54 25 74 46 #UTIL: 81987
48 25 74 13 46 #UTIL: 50967
48 21 25 46 #UTIL: 78055
48 21 38 25 46 #UTIL: 50924
48 21 54 25 46 #UTIL: 60054
48 38 25 46 #UTIL: 78215
48 38 54 25 46 #UTIL: 60413
48 54 25 46 #UTIL: 84896
48 25 12 46 #UTIL: 50371
48 25 13 46 #UTIL: 60612
48 25 46 14 #UTIL: 61258
48 51 25 #UTIL: 60904
48 51 25 74 #UTIL: 50175
48 51 21 25 #UTIL: 50392
48 25 74 #UTIL: 101780
48 21 25 74 #UTIL: 79897
48 21 38 25 74 #UTIL: 57986
48 21 38 54 25 74 #UTIL: 50399
48 21 54 25 74 #UTIL: 70736
48 38 25 74 #UTIL: 77893
48 38 54 25 74 #UTIL: 70043
48 54 25 74 #UTIL: 92788
48 54 25 74 13 #UTIL: 55818
48 25 74 13 #UTIL: 59535
48 25 74 14 #UTIL: 53672
48 21 25 #UTIL: 95408
48 21 38 25 #UTIL: 67335
48 21 38 54 25 #UTIL: 51299
48 21 54 25 #UTIL: 73320
48 21 25 13 #UTIL: 51239
48 21 25 14 #UTIL: 54688
48 38 25 #UTIL: 90902
48 38 54 25 #UTIL: 70652
48 38 25 13 #UTIL: 51014
48 38 25 14 #UTIL: 50127
48 54 25 #UTIL: 94398
48 54 25 13 #UTIL: 56130
48 25 12 #UTIL: 58642
48 39 25 #UTIL: 50605
48 25 13 #UTIL: 69646
48 25 14 #UTIL: 66749
48 20 25 #UTIL: 53671
52 25 #UTIL: 108556
52 24 25 #UTIL: 62485
52 54 24 25 42 74 44 46 #UTIL: 52125
52 24 25 42 74 44 #UTIL: 52964
52 54 24 25 42 74 44 #UTIL: 57287
52 54 24 25 42 44 #UTIL: 52773
52 54 24 25 42 74 46 #UTIL: 53322
52 24 25 42 74 #UTIL: 53773
52 54 24 25 42 74 #UTIL: 58568
52 54 24 25 42 #UTIL: 53569
52 24 25 44 #UTIL: 58754
52 24 25 44 46 #UTIL: 53149
52 24 25 74 44 46 #UTIL: 58078
52 54 24 25 74 44 46 #UTIL: 62821
52 54 24 25 44 46 #UTIL: 57892
52 24 25 74 44 #UTIL: 64762
52 21 54 24 25 74 44 #UTIL: 53675
52 38 24 25 74 44 #UTIL: 50837
52 38 54 24 25 74 44 #UTIL: 54986
52 54 24 25 74 44 #UTIL: 70555
52 38 54 24 25 44 #UTIL: 50664
52 54 24 25 44 #UTIL: 64547
52 24 25 46 #UTIL: 55411
52 24 25 74 46 #UTIL: 61015
52 54 24 25 74 46 #UTIL: 66417
52 54 24 25 46 #UTIL: 60813
52 24 25 74 #UTIL: 69560
52 21 24 25 74 #UTIL: 52488
52 21 54 24 25 74 #UTIL: 57216
52 38 24 25 74 #UTIL: 51997
52 38 54 24 25 74 #UTIL: 56654
52 54 24 25 74 #UTIL: 76404
52 21 54 24 25 #UTIL: 52326
52 38 54 24 25 #UTIL: 51830
52 54 24 25 #UTIL: 69329
52 25 42 #UTIL: 104835
52 25 42 44 #UTIL: 99288
52 25 42 44 46 #UTIL: 91013
52 25 42 74 44 46 #UTIL: 74820
52 21 25 42 74 44 46 #UTIL: 54223
52 38 25 42 74 44 46 #UTIL: 60435
52 38 54 25 42 74 44 46 #UTIL: 51941
52 54 25 42 74 44 46 #UTIL: 64966
52 21 25 42 44 46 #UTIL: 66693
52 38 25 42 44 46 #UTIL: 71637
52 38 54 25 42 44 46 #UTIL: 54321
52 54 25 42 44 46 #UTIL: 69033
52 25 42 44 46 14 #UTIL: 51503
52 25 42 74 44 #UTIL: 81979
52 21 25 42 74 44 #UTIL: 63983
52 21 38 25 42 74 44 #UTIL: 51898
52 21 54 25 42 74 44 #UTIL: 53486
52 38 25 42 74 44 #UTIL: 69358
52 38 54 25 42 74 44 #UTIL: 59100
52 54 25 42 74 44 #UTIL: 70500
52 21 25 42 44 #UTIL: 78531
52 21 38 25 42 44 #UTIL: 62371
52 21 54 25 42 44 #UTIL: 56533
52 38 25 42 44 #UTIL: 82444
52 38 54 25 42 44 #UTIL: 61219
52 54 25 42 44 #UTIL: 73844
52 25 42 44 12 #UTIL: 50920
52 25 42 44 13 #UTIL: 54712
52 25 42 44 14 #UTIL: 55900
52 25 42 46 #UTIL: 97333
51 52 25 42 46 #UTIL: 50402
52 25 42 74 46 #UTIL: 77621
52 21 25 42 74 46 #UTIL: 55715
52 38 25 42 74 46 #UTIL: 61822
52 38 54 25 42 74 46 #UTIL: 52905
52 54 25 42 74 46 #UTIL: 67002
52 21 25 42 46 #UTIL: 69757
52 21 54 25 42 46 #UTIL: 50464
52 38 25 42 46 #UTIL: 73932
52 38 54 25 42 46 #UTIL: 54723
52 54 25 42 46 #UTIL: 71221
52 25 42 13 46 #UTIL: 52355
52 25 42 46 14 #UTIL: 56049
51 52 25 42 #UTIL: 53293
52 25 42 74 #UTIL: 84060
52 21 25 42 74 #UTIL: 65537
52 21 38 25 42 74 #UTIL: 51549
52 21 54 25 42 74 #UTIL: 53831
52 38 25 42 74 #UTIL: 70196
52 38 54 25 42 74 #UTIL: 59855
52 54 25 42 74 #UTIL: 71892
52 21 25 42 #UTIL: 82249
52 21 38 25 42 #UTIL: 61466
52 21 54 25 42 #UTIL: 57472
52 38 25 42 #UTIL: 83684
52 38 54 25 42 #UTIL: 61363
52 38 25 42 28 #UTIL: 50759
52 54 25 42 #UTIL: 75344
52 25 42 12 #UTIL: 52995
52 25 42 13 #UTIL: 58153
52 25 42 14 #UTIL: 60061
52 25 44 #UTIL: 102230
52 25 44 46 #UTIL: 93879
52 25 74 44 46 #UTIL: 81321
52 21 25 74 44 46 #UTIL: 58641
52 21 54 25 74 44 46 #UTIL: 52172
52 38 25 74 44 46 #UTIL: 64292
52 38 54 25 74 44 46 #UTIL: 57596
52 54 25 74 44 46 #UTIL: 74185
52 21 25 44 46 #UTIL: 68775
52 21 38 25 44 46 #UTIL: 50045
52 21 54 25 44 46 #UTIL: 54327
52 38 25 44 46 #UTIL: 73162
52 38 54 25 44 46 #UTIL: 58602
52 54 25 44 46 #UTIL: 76039
52 25 44 13 46 #UTIL: 52613
52 25 44 46 14 #UTIL: 51950
51 52 25 44 #UTIL: 51090
52 25 74 44 #UTIL: 89574
52 21 25 74 44 #UTIL: 70097
52 21 38 25 74 44 #UTIL: 55481
52 21 54 25 74 44 #UTIL: 62148
52 38 25 74 44 #UTIL: 74094
52 38 54 25 74 44 #UTIL: 66244
52 54 25 74 44 #UTIL: 81618
52 25 74 44 13 #UTIL: 52518
52 21 25 44 #UTIL: 81388
52 21 38 25 44 #UTIL: 63828
52 21 54 25 44 #UTIL: 63253
52 38 25 44 #UTIL: 84043
52 38 54 25 44 #UTIL: 66553
52 54 25 44 #UTIL: 82161
52 25 44 13 #UTIL: 58974
52 25 44 14 #UTIL: 56338
52 25 46 #UTIL: 100077
51 52 25 46 #UTIL: 51395
52 25 74 46 #UTIL: 85069
52 21 25 74 46 #UTIL: 59840
52 21 54 25 74 46 #UTIL: 52582
52 38 25 74 46 #UTIL: 65487
52 38 54 25 74 46 #UTIL: 58654
52 54 25 74 46 #UTIL: 77784
52 21 25 46 #UTIL: 71089
52 21 54 25 46 #UTIL: 55051
52 38 25 46 #UTIL: 74859
52 38 54 25 46 #UTIL: 58951
52 54 25 46 #UTIL: 79300
52 25 13 46 #UTIL: 56320
52 25 46 14 #UTIL: 56472
51 52 25 #UTIL: 55149
52 25 74 #UTIL: 94024
52 21 25 74 #UTIL: 73365
52 21 38 25 74 #UTIL: 55050
52 21 54 25 74 #UTIL: 64938
52 38 25 74 #UTIL: 75087
52 38 54 25 74 #UTIL: 67571
52 54 25 74 #UTIL: 86414
52 54 25 74 13 #UTIL: 53075
52 25 74 13 #UTIL: 56255
52 21 25 #UTIL: 85842
52 21 38 25 #UTIL: 62615
52 21 54 25 #UTIL: 66042
52 38 25 #UTIL: 84884
52 38 54 25 #UTIL: 67003
52 54 25 #UTIL: 86201
52 54 25 13 #UTIL: 52484
52 25 12 #UTIL: 52288
52 25 13 #UTIL: 63790
52 25 14 #UTIL: 60557
34 25 #UTIL: 103897
34 24 25 #UTIL: 59397
34 24 25 42 74 44 #UTIL: 51116
34 54 24 25 42 74 44 #UTIL: 55248
34 54 24 25 42 44 #UTIL: 50917
34 54 24 25 42 74 46 #UTIL: 51202
34 24 25 42 74 #UTIL: 52163
34 54 24 25 42 74 #UTIL: 56767
34 54 24 25 42 #UTIL: 51951
34 24 25 44 #UTIL: 56231
34 24 25 44 46 #UTIL: 50360
34 24 25 74 44 46 #UTIL: 54995
34 54 24 25 74 44 46 #UTIL: 59461
34 54 24 25 44 46 #UTIL: 54826
34 24 25 74 44 #UTIL: 61945
34 21 54 24 25 74 44 #UTIL: 51765
34 38 54 24 25 74 44 #UTIL: 53229
34 54 24 25 74 44 #UTIL: 67461
34 54 24 25 44 #UTIL: 61747
34 24 25 46 #UTIL: 52502
34 24 25 74 46 #UTIL: 57807
34 54 24 25 74 46 #UTIL: 62930
34 54 24 25 46 #UTIL: 57625
34 24 25 74 #UTIL: 66117
34 21 24 25 74 #UTIL: 50092
34 21 54 24 25 74 #UTIL: 54606
34 38 24 25 74 #UTIL: 50643
34 38 54 24 25 74 #UTIL: 55121
34 54 24 25 74 #UTIL: 72631
34 38 54 24 25 #UTIL: 50493
34 54 24 25 #UTIL: 65911
34 25 42 #UTIL: 101613
34 25 42 44 #UTIL: 95543
34 25 42 44 46 #UTIL: 86830
34 25 42 74 44 46 #UTIL: 71819
34 21 25 42 74 44 46 #UTIL: 51861
34 38 25 42 74 44 46 #UTIL: 58120
34 38 54 25 42 74 44 46 #UTIL: 50205
34 54 25 42 74 44 46 #UTIL: 62850
34 21 25 42 44 46 #UTIL: 63345
34 38 25 42 44 46 #UTIL: 68870
34 38 54 25 42 44 46 #UTIL: 52732
34 54 25 42 44 46 #UTIL: 66699
34 25 42 74 44 #UTIL: 79292
34 21 25 42 74 44 #UTIL: 61905
34 21 38 25 42 74 44 #UTIL: 50801
34 21 54 25 42 74 44 #UTIL: 52588
34 38 25 42 74 44 #UTIL: 67460
34 38 54 25 42 74 44 #UTIL: 57803
34 54 25 42 74 44 #UTIL: 68826
34 21 25 42 44 #UTIL: 75506
34 21 38 25 42 44 #UTIL: 60867
34 21 54 25 42 44 #UTIL: 55432
34 38 25 42 44 #UTIL: 80193
34 38 54 25 42 44 #UTIL: 59975
34 54 25 42 44 #UTIL: 71809
34 25 42 44 13 #UTIL: 53591
34 25 42 44 14 #UTIL: 52722
34 25 42 46 #UTIL: 93944
34 25 42 74 46 #UTIL: 74952
34 21 25 42 74 46 #UTIL: 53501
34 38 25 42 74 46 #UTIL: 59853
34 38 54 25 42 74 46 #UTIL: 51472
34 54 25 42 74 46 #UTIL: 65035
34 21 25 42 46 #UTIL: 66720
34 38 25 42 46 #UTIL: 71680
34 38 54 25 42 46 #UTIL: 53482
34 54 25 42 46 #UTIL: 69104
34 25 42 13 46 #UTIL: 51642
34 25 42 46 14 #UTIL: 52855
34 51 25 42 #UTIL: 50579
34 25 42 74 #UTIL: 81725
34 21 25 42 74 #UTIL: 63617
34 21 38 25 42 74 #UTIL: 50695
34 21 54 25 42 74 #UTIL: 53016
34 38 25 42 74 #UTIL: 68788
34 38 54 25 42 74 #UTIL: 58993
34 54 25 42 74 #UTIL: 70499
34 21 25 42 #UTIL: 79213
34 21 38 25 42 #UTIL: 60208
34 21 54 25 42 #UTIL: 56590
34 38 25 42 #UTIL: 82147
34 38 54 25 42 #UTIL: 60673
34 54 25 42 #UTIL: 73736
34 25 42 12 #UTIL: 51868
34 25 42 13 #UTIL: 57475
34 25 42 14 #UTIL: 56940
34 25 44 #UTIL: 97696
34 25 44 46 #UTIL: 88729
34 25 74 44 46 #UTIL: 77112
34 21 25 74 44 46 #UTIL: 55688
34 21 54 25 74 44 46 #UTIL: 50103
34 38 25 74 44 46 #UTIL: 60979
34 38 54 25 74 44 46 #UTIL: 54695
34 54 25 74 44 46 #UTIL: 70637
34 21 25 44 46 #UTIL: 64968
34 21 54 25 44 46 #UTIL: 52238
34 38 25 44 46 #UTIL: 69580
34 38 54 25 44 46 #UTIL: 55971
34 54 25 44 46 #UTIL: 72433
34 25 44 13 46 #UTIL: 50438
34 25 74 44 #UTIL: 85824
34 21 25 74 44 #UTIL: 67535
34 21 38 25 74 44 #UTIL: 53881
34 21 54 25 74 44 #UTIL: 60646
34 38 25 74 44 #UTIL: 71272
34 38 54 25 74 44 #UTIL: 63856
34 54 25 74 44 #UTIL: 78657
34 25 74 44 13 #UTIL: 50404
34 21 25 44 #UTIL: 78032
34 21 38 25 44 #UTIL: 61926
34 21 54 25 44 #UTIL: 61644
34 38 25 44 #UTIL: 81070
34 38 54 25 44 #UTIL: 64358
34 54 25 44 #UTIL: 79027
34 25 44 13 #UTIL: 56904
34 25 44 14 #UTIL: 53166
34 25 46 #UTIL: 95564
34 25 74 46 #UTIL: 81020
34 21 25 74 46 #UTIL: 57007
34 21 54 25 74 46 #UTIL: 50436
34 38 25 74 46 #UTIL: 62494
34 38 54 25 74 46 #UTIL: 56030
34 54 25 74 46 #UTIL: 74211
34 21 25 46 #UTIL: 67575
34 21 54 25 46 #UTIL: 52959
34 38 25 46 #UTIL: 71776
34 38 54 25 46 #UTIL: 56642
34 54 25 46 #UTIL: 75742
34 25 13 46 #UTIL: 54672
34 25 46 14 #UTIL: 52927
34 51 25 #UTIL: 51920
34 25 74 #UTIL: 89870
34 21 25 74 #UTIL: 70251
34 21 38 25 74 #UTIL: 53651
34 21 54 25 74 #UTIL: 62727
34 38 25 74 #UTIL: 72627
34 38 54 25 74 #UTIL: 65490
34 54 25 74 #UTIL: 82894
34 54 25 74 13 #UTIL: 50272
34 25 74 13 #UTIL: 53746
34 21 25 #UTIL: 81868
34 21 38 25 #UTIL: 60927
34 21 54 25 #UTIL: 63934
34 38 25 #UTIL: 82507
34 38 54 25 #UTIL: 65234
34 54 25 #UTIL: 82733
34 25 12 #UTIL: 51096
34 25 13 #UTIL: 61653
34 25 14 #UTIL: 57210
72 25 #UTIL: 81545
72 25 42 #UTIL: 86468
72 25 42 44 #UTIL: 79939
72 25 42 44 46 #UTIL: 72857
72 25 42 74 44 46 #UTIL: 54074
21 72 25 42 44 46 #UTIL: 51421
38 72 25 42 44 46 #UTIL: 57744
72 25 42 74 44 #UTIL: 59456
38 72 25 42 74 44 #UTIL: 51394
21 72 25 42 44 #UTIL: 61414
38 72 25 42 44 #UTIL: 66701
54 72 25 42 44 #UTIL: 51860
72 25 42 46 #UTIL: 80029
72 25 42 74 46 #UTIL: 57594
21 72 25 42 46 #UTIL: 54959
38 72 25 42 46 #UTIL: 61014
54 72 25 42 46 #UTIL: 51433
72 25 42 74 #UTIL: 62387
38 72 25 42 74 #UTIL: 53075
21 72 25 42 #UTIL: 65582
38 72 25 42 #UTIL: 68787
54 72 25 42 #UTIL: 54030
72 25 42 14 #UTIL: 52373
72 25 44 #UTIL: 75517
72 25 44 46 #UTIL: 68673
72 25 74 44 46 #UTIL: 52515
38 72 25 44 46 #UTIL: 54350
72 25 74 44 #UTIL: 58407
21 72 25 44 #UTIL: 58740
38 72 25 44 #UTIL: 62828
54 72 25 44 #UTIL: 51616
72 25 46 #UTIL: 75324
72 25 74 46 #UTIL: 56407
21 72 25 46 #UTIL: 51514
38 72 25 46 #UTIL: 57145
54 72 25 46 #UTIL: 50934
72 25 74 #UTIL: 62025
38 72 25 74 #UTIL: 51433
54 72 25 74 #UTIL: 50684
21 72 25 #UTIL: 62512
38 72 25 #UTIL: 64405
54 72 25 #UTIL: 54673
68 25 #UTIL: 77780
68 54 24 25 74 44 #UTIL: 53610
68 24 25 74 #UTIL: 50283
68 54 24 25 74 #UTIL: 54871
68 54 24 25 #UTIL: 50151
68 25 42 #UTIL: 74242
68 25 42 44 #UTIL: 71836
68 25 42 44 46 #UTIL: 64383
68 25 42 74 44 46 #UTIL: 53911
68 38 25 42 44 46 #UTIL: 51542
68 54 25 42 44 46 #UTIL: 51356
68 25 42 74 44 #UTIL: 62260
68 21 25 42 74 44 #UTIL: 53320
68 38 25 42 74 44 #UTIL: 52285
68 54 25 42 74 44 #UTIL: 55448
68 21 25 42 44 #UTIL: 59385
68 38 25 42 44 #UTIL: 60419
68 54 25 42 44 #UTIL: 56953
68 25 42 46 #UTIL: 67617
68 25 42 74 46 #UTIL: 55626
68 21 25 42 46 #UTIL: 50316
68 38 25 42 46 #UTIL: 53070
68 54 25 42 46 #UTIL: 52340
68 25 42 74 #UTIL: 63665
68 21 25 42 74 #UTIL: 54009
68 38 25 42 74 #UTIL: 52777
68 54 25 42 74 #UTIL: 56094
68 21 25 42 #UTIL: 60026
68 38 25 42 #UTIL: 61211
68 54 25 42 #UTIL: 57433
68 25 44 #UTIL: 75197
68 25 44 46 #UTIL: 66770
68 25 74 44 46 #UTIL: 58442
68 54 25 74 44 46 #UTIL: 54480
68 21 25 44 46 #UTIL: 52471
68 38 25 44 46 #UTIL: 52456
68 54 25 44 46 #UTIL: 56116
68 25 74 44 #UTIL: 68322
68 21 25 74 44 #UTIL: 59423
68 21 54 25 74 44 #UTIL: 55293
68 38 25 74 44 #UTIL: 55788
68 38 54 25 74 44 #UTIL: 51242
68 54 25 74 44 #UTIL: 63765
68 21 25 44 #UTIL: 63605
68 21 38 25 44 #UTIL: 50882
68 21 54 25 44 #UTIL: 54486
68 38 25 44 #UTIL: 62050
68 38 54 25 44 #UTIL: 51456
68 54 25 44 #UTIL: 63497
68 25 46 #UTIL: 69196
68 25 74 46 #UTIL: 59772
68 54 25 74 46 #UTIL: 55315
68 21 25 46 #UTIL: 52898
68 38 25 46 #UTIL: 53024
68 54 25 46 #UTIL: 56790
68 25 74 #UTIL: 70555
68 21 25 74 #UTIL: 61488
68 21 54 25 74 #UTIL: 56972
68 38 25 74 #UTIL: 55708
68 38 54 25 74 #UTIL: 51068
68 54 25 74 #UTIL: 65748
68 21 25 #UTIL: 65220
68 21 54 25 #UTIL: 55761
68 38 25 #UTIL: 62022
68 38 54 25 #UTIL: 50814
68 54 25 #UTIL: 64932
25 29 #UTIL: 78647
54 24 25 74 44 29 46 #UTIL: 53834
24 25 74 44 29 #UTIL: 54024
54 24 25 74 44 29 #UTIL: 59810
54 24 25 44 29 #UTIL: 53804
24 25 74 29 46 #UTIL: 50437
54 24 25 74 29 46 #UTIL: 55832
54 24 25 29 46 #UTIL: 50230
24 25 74 29 #UTIL: 56520
54 24 25 74 29 #UTIL: 63357
54 24 25 29 #UTIL: 56284
25 42 29 #UTIL: 79507
25 42 44 29 #UTIL: 77923
25 42 44 29 46 #UTIL: 73424
25 42 74 44 29 46 #UTIL: 61995
38 25 42 74 44 29 46 #UTIL: 50276
54 25 42 74 44 29 46 #UTIL: 55107
21 25 42 44 29 46 #UTIL: 55259
38 25 42 44 29 46 #UTIL: 58607
54 25 42 44 29 46 #UTIL: 57444
25 42 74 44 29 #UTIL: 66280
21 25 42 74 44 29 #UTIL: 53088
38 25 42 74 44 29 #UTIL: 56808
54 25 42 74 44 29 #UTIL: 58777
21 25 42 44 29 #UTIL: 63481
21 38 25 42 44 29 #UTIL: 51441
38 25 42 44 29 #UTIL: 66243
38 54 25 42 44 29 #UTIL: 50534
54 25 42 44 29 #UTIL: 60171
25 42 29 46 #UTIL: 76419
25 42 74 29 46 #UTIL: 62799
38 25 42 74 29 46 #UTIL: 50508
54 25 42 74 29 46 #UTIL: 55442
21 25 42 29 46 #UTIL: 56568
38 25 42 29 46 #UTIL: 59199
54 25 42 29 46 #UTIL: 57583
25 42 74 29 #UTIL: 66094
21 25 42 74 29 #UTIL: 53245
38 25 42 74 29 #UTIL: 56353
54 25 42 74 29 #UTIL: 58374
21 25 42 29 #UTIL: 64806
38 25 42 29 #UTIL: 65498
54 25 42 29 #UTIL: 59446
25 44 29 #UTIL: 77419
25 44 29 46 #UTIL: 73536
25 74 44 29 46 #UTIL: 65760
38 25 74 44 29 46 #UTIL: 52430
54 25 74 44 29 46 #UTIL: 61594
21 25 44 29 46 #UTIL: 55703
38 25 44 29 46 #UTIL: 58411
54 25 44 29 46 #UTIL: 61700
25 74 44 29 #UTIL: 70447
21 25 74 44 29 #UTIL: 56976
21 54 25 74 44 29 #UTIL: 52275
38 25 74 44 29 #UTIL: 59443
38 54 25 74 44 29 #UTIL: 54593
54 25 74 44 29 #UTIL: 66471
21 25 44 29 #UTIL: 64094
21 38 25 44 29 #UTIL: 51669
21 54 25 44 29 #UTIL: 52101
38 25 44 29 #UTIL: 65723
38 54 25 44 29 #UTIL: 53753
54 25 44 29 #UTIL: 65046
25 29 46 #UTIL: 75858
25 74 29 46 #UTIL: 66960
38 25 74 29 46 #UTIL: 52215
54 25 74 29 46 #UTIL: 62941
21 25 29 46 #UTIL: 56093
38 25 29 46 #UTIL: 58150
54 25 29 46 #UTIL: 62361
25 74 29 #UTIL: 71495
21 25 74 29 #UTIL: 58094
21 54 25 74 29 #UTIL: 53257
38 25 74 29 #UTIL: 58518
38 54 25 74 29 #UTIL: 54346
54 25 74 29 #UTIL: 68337
21 25 29 #UTIL: 65402
21 54 25 29 #UTIL: 52766
38 25 29 #UTIL: 63954
38 54 25 29 #UTIL: 52525
54 25 29 #UTIL: 65726
25 60 #UTIL: 77803
54 24 25 74 60 44 46 #UTIL: 53353
24 25 74 60 44 #UTIL: 53088
54 24 25 74 60 44 #UTIL: 58929
54 24 25 60 44 #UTIL: 52874
54 24 25 74 60 46 #UTIL: 55314
24 25 74 60 #UTIL: 55659
54 24 25 74 60 #UTIL: 62551
54 24 25 60 #UTIL: 55429
25 42 60 #UTIL: 79461
25 42 60 44 #UTIL: 77918
25 42 60 44 46 #UTIL: 73376
25 42 74 60 44 46 #UTIL: 61541
38 25 42 74 60 44 46 #UTIL: 50009
54 25 42 74 60 44 46 #UTIL: 54402
21 25 42 60 44 46 #UTIL: 54846
38 25 42 60 44 46 #UTIL: 58610
54 25 42 60 44 46 #UTIL: 56497
25 42 74 60 44 #UTIL: 65753
21 25 42 74 60 44 #UTIL: 52465
38 25 42 74 60 44 #UTIL: 56443
54 25 42 74 60 44 #UTIL: 57843
21 25 42 60 44 #UTIL: 63144
21 38 25 42 60 44 #UTIL: 51136
38 25 42 60 44 #UTIL: 66242
54 25 42 60 44 #UTIL: 59087
25 42 60 46 #UTIL: 76443
25 42 74 60 46 #UTIL: 62581
38 25 42 74 60 46 #UTIL: 50261
54 25 42 74 60 46 #UTIL: 55205
21 25 42 60 46 #UTIL: 56207
38 25 42 60 46 #UTIL: 59106
54 25 42 60 46 #UTIL: 57036
25 42 74 60 #UTIL: 65766
21 25 42 74 60 #UTIL: 52737
38 25 42 74 60 #UTIL: 55958
54 25 42 74 60 #UTIL: 57875
21 25 42 60 #UTIL: 64408
38 25 42 60 #UTIL: 65383
54 25 42 60 #UTIL: 58689
25 60 44 #UTIL: 76751
25 60 44 46 #UTIL: 72863
25 74 60 44 46 #UTIL: 64584
38 25 74 60 44 46 #UTIL: 51657
54 25 74 60 44 46 #UTIL: 60094
21 25 60 44 46 #UTIL: 54722
38 25 60 44 46 #UTIL: 57986
54 25 60 44 46 #UTIL: 60055
25 74 60 44 #UTIL: 69160
21 25 74 60 44 #UTIL: 55739
21 54 25 74 60 44 #UTIL: 50530
38 25 74 60 44 #UTIL: 58554
38 54 25 74 60 44 #UTIL: 53538
54 25 74 60 44 #UTIL: 64704
21 25 60 44 #UTIL: 63229
21 38 25 60 44 #UTIL: 51032
21 54 25 60 44 #UTIL: 50252
38 25 60 44 #UTIL: 65276
38 54 25 60 44 #UTIL: 52556
54 25 60 44 #UTIL: 63226
25 60 46 #UTIL: 74978
25 74 60 46 #UTIL: 65741
38 25 74 60 46 #UTIL: 51341
54 25 74 60 46 #UTIL: 61630
21 25 60 46 #UTIL: 55171
38 25 60 46 #UTIL: 57508
54 25 60 46 #UTIL: 60837
25 74 60 #UTIL: 70272
21 25 74 60 #UTIL: 57123
21 54 25 74 60 #UTIL: 52006
38 25 74 60 #UTIL: 57586
38 54 25 74 60 #UTIL: 53420
54 25 74 60 #UTIL: 66870
21 25 60 #UTIL: 64627
21 54 25 60 #UTIL: 51287
38 25 60 #UTIL: 63380
38 54 25 60 #UTIL: 51493
54 25 60 #UTIL: 64098
56 25 #UTIL: 74461
54 56 24 25 74 44 46 #UTIL: 51206
56 24 25 74 44 #UTIL: 51703
54 56 24 25 74 44 #UTIL: 57283
54 56 24 25 44 #UTIL: 51491
54 56 24 25 74 46 #UTIL: 53321
56 24 25 74 #UTIL: 54045
54 56 24 25 74 #UTIL: 60603
54 56 24 25 #UTIL: 53813
56 25 42 #UTIL: 75558
56 25 42 44 #UTIL: 73920
56 25 42 44 46 #UTIL: 69428
56 25 42 74 44 46 #UTIL: 60400
54 56 25 42 74 44 46 #UTIL: 53631
21 56 25 42 44 46 #UTIL: 51719
38 56 25 42 44 46 #UTIL: 55868
54 56 25 42 44 46 #UTIL: 55275
56 25 42 74 44 #UTIL: 64991
21 56 25 42 74 44 #UTIL: 52411
38 56 25 42 74 44 #UTIL: 56030
54 56 25 42 74 44 #UTIL: 57627
21 56 25 42 44 #UTIL: 59936
38 56 25 42 44 #UTIL: 63305
54 56 25 42 44 #UTIL: 58462
56 25 42 46 #UTIL: 72296
56 25 42 74 46 #UTIL: 61623
54 56 25 42 74 46 #UTIL: 54454
21 56 25 42 46 #UTIL: 53081
38 56 25 42 46 #UTIL: 56621
54 56 25 42 46 #UTIL: 55747
56 25 42 74 #UTIL: 65280
21 56 25 42 74 #UTIL: 52765
38 56 25 42 74 #UTIL: 55753
54 56 25 42 74 #UTIL: 57664
21 56 25 42 #UTIL: 61447
38 56 25 42 #UTIL: 62717
54 56 25 42 #UTIL: 58052
56 25 44 #UTIL: 73442
56 25 44 46 #UTIL: 69522
56 25 74 44 46 #UTIL: 63698
38 56 25 74 44 46 #UTIL: 51142
54 56 25 74 44 46 #UTIL: 59574
21 56 25 44 46 #UTIL: 52141
38 56 25 44 46 #UTIL: 55628
54 56 25 44 46 #UTIL: 59165
56 25 74 44 #UTIL: 68671
21 56 25 74 44 #UTIL: 55864
21 54 56 25 74 44 #UTIL: 51097
38 56 25 74 44 #UTIL: 58222
38 54 56 25 74 44 #UTIL: 53451
54 56 25 74 44 #UTIL: 64752
21 56 25 44 #UTIL: 60577
21 54 56 25 44 #UTIL: 50182
38 56 25 44 #UTIL: 62683
38 54 56 25 44 #UTIL: 52172
54 56 25 44 #UTIL: 62947
56 25 46 #UTIL: 71637
56 25 74 46 #UTIL: 65127
38 56 25 74 46 #UTIL: 51208
54 56 25 74 46 #UTIL: 61212
21 56 25 46 #UTIL: 52620
38 56 25 46 #UTIL: 55579
54 56 25 46 #UTIL: 59982
56 25 74 #UTIL: 69777
21 56 25 74 #UTIL: 56892
21 54 56 25 74 #UTIL: 51927
38 56 25 74 #UTIL: 57556
38 54 56 25 74 #UTIL: 53575
54 56 25 74 #UTIL: 66591
21 56 25 #UTIL: 61879
21 54 56 25 #UTIL: 50668
38 56 25 #UTIL: 61196
38 54 56 25 #UTIL: 51390
54 56 25 #UTIL: 63539
66 25 #UTIL: 74957
66 54 24 25 74 44 46 #UTIL: 54033
66 24 25 74 44 #UTIL: 53920
66 54 24 25 74 44 #UTIL: 59761
66 54 24 25 44 #UTIL: 53706
66 24 25 74 46 #UTIL: 50656
66 54 24 25 74 46 #UTIL: 56106
66 54 24 25 46 #UTIL: 50455
66 24 25 74 #UTIL: 56535
66 54 24 25 74 #UTIL: 63427
66 54 24 25 #UTIL: 56305
66 25 42 #UTIL: 77187
66 25 42 44 #UTIL: 75168
66 25 42 44 46 #UTIL: 71222
66 25 42 74 44 46 #UTIL: 59021
66 54 25 42 74 44 46 #UTIL: 51927
66 21 25 42 44 46 #UTIL: 52930
66 38 25 42 44 46 #UTIL: 56721
66 54 25 42 44 46 #UTIL: 54688
66 25 42 74 44 #UTIL: 62629
66 38 25 42 74 44 #UTIL: 53558
66 54 25 42 74 44 #UTIL: 54821
66 21 25 42 44 #UTIL: 60519
66 38 25 42 44 #UTIL: 63700
66 54 25 42 44 #UTIL: 56859
66 25 42 46 #UTIL: 74575
66 25 42 74 46 #UTIL: 60360
66 54 25 42 74 46 #UTIL: 52797
66 21 25 42 46 #UTIL: 54428
66 38 25 42 46 #UTIL: 57633
66 54 25 42 46 #UTIL: 55325
66 25 42 74 #UTIL: 63083
66 21 25 42 74 #UTIL: 50307
66 38 25 42 74 #UTIL: 53543
66 54 25 42 74 #UTIL: 55106
66 21 25 42 #UTIL: 62105
66 38 25 42 #UTIL: 63427
66 54 25 42 #UTIL: 56753
66 25 44 #UTIL: 73625
66 25 44 46 #UTIL: 70294
66 25 74 44 46 #UTIL: 61538
66 54 25 74 44 46 #UTIL: 56964
66 21 25 44 46 #UTIL: 52801
66 38 25 44 46 #UTIL: 55794
66 54 25 44 46 #UTIL: 57702
66 25 74 44 #UTIL: 65466
66 21 25 74 44 #UTIL: 52620
66 38 25 74 44 #UTIL: 55402
66 38 54 25 74 44 #UTIL: 50134
66 54 25 74 44 #UTIL: 60920
66 21 25 44 #UTIL: 60408
66 38 25 44 #UTIL: 62578
66 54 25 44 #UTIL: 60430
66 25 46 #UTIL: 72787
66 25 74 46 #UTIL: 63050
66 54 25 74 46 #UTIL: 58588
66 21 25 46 #UTIL: 53404
66 38 25 46 #UTIL: 55873
66 54 25 46 #UTIL: 58639
66 25 74 #UTIL: 66746
66 21 25 74 #UTIL: 54002
66 38 25 74 #UTIL: 55082
66 38 54 25 74 #UTIL: 50483
66 54 25 74 #UTIL: 62986
66 21 25 #UTIL: 61777
66 38 25 #UTIL: 61450
66 54 25 #UTIL: 61318
1 25 #UTIL: 66245
1 25 42 #UTIL: 62106
1 21 25 42 44 #UTIL: 52130
1 25 42 46 #UTIL: 54978
1 21 25 42 46 #UTIL: 51340
1 21 25 42 #UTIL: 60769
1 21 25 44 #UTIL: 54411
1 25 46 #UTIL: 56973
1 21 25 46 #UTIL: 52600
1 25 74 #UTIL: 56696
1 21 25 74 #UTIL: 56312
1 54 25 74 #UTIL: 51087
1 21 25 #UTIL: 64912
1 21 54 25 #UTIL: 50559
1 54 25 #UTIL: 51330
3 25 #UTIL: 68562
3 25 42 #UTIL: 69900
3 25 42 44 #UTIL: 67066
3 25 42 44 46 #UTIL: 62876
3 25 42 74 44 46 #UTIL: 50018
3 25 42 74 44 #UTIL: 53785
3 21 25 42 44 #UTIL: 53089
3 38 25 42 44 #UTIL: 56451
3 25 42 46 #UTIL: 67114
3 25 42 74 46 #UTIL: 51959
3 38 25 42 46 #UTIL: 51404
3 25 42 74 #UTIL: 54879
3 21 25 42 #UTIL: 55016
3 38 25 42 #UTIL: 57041
3 25 44 #UTIL: 66080
3 25 44 46 #UTIL: 62586
3 25 74 44 46 #UTIL: 53160
3 25 74 44 #UTIL: 57206
3 54 25 74 44 #UTIL: 51643
3 21 25 44 #UTIL: 53844
3 38 25 44 #UTIL: 55461
3 54 25 44 #UTIL: 51932
3 25 46 #UTIL: 66064
3 25 74 46 #UTIL: 55408
3 38 25 46 #UTIL: 50136
3 54 25 46 #UTIL: 50784
3 25 74 #UTIL: 59536
3 54 25 74 #UTIL: 54805
3 21 25 #UTIL: 55905
3 38 25 #UTIL: 55302
3 54 25 #UTIL: 53940
25 11 #UTIL: 59246
25 42 11 #UTIL: 55620
25 42 11 44 #UTIL: 52457
25 42 11 46 #UTIL: 53376
25 11 44 #UTIL: 55984
25 11 44 46 #UTIL: 53467
25 74 11 44 #UTIL: 52600
54 25 74 11 44 #UTIL: 51154
25 11 46 #UTIL: 56780
25 74 11 46 #UTIL: 51986
54 25 74 11 46 #UTIL: 50703
25 74 11 #UTIL: 55037
54 25 74 11 #UTIL: 53847
54 25 11 #UTIL: 51844
64 25 #UTIL: 63442
64 25 42 #UTIL: 71212
64 25 42 44 #UTIL: 70505
64 25 42 44 46 #UTIL: 65924
64 25 42 74 44 46 #UTIL: 53564
64 38 25 42 44 46 #UTIL: 54104
64 25 42 74 44 #UTIL: 57959
64 38 25 42 74 44 #UTIL: 51651
64 21 25 42 44 #UTIL: 56385
64 38 25 42 44 #UTIL: 61434
64 54 25 42 44 #UTIL: 51640
64 25 42 46 #UTIL: 68365
64 25 42 74 46 #UTIL: 53862
64 38 25 42 46 #UTIL: 55042
64 25 42 74 #UTIL: 56868
64 38 25 42 74 #UTIL: 50813
64 21 25 42 #UTIL: 56591
64 38 25 42 #UTIL: 60481
64 25 44 #UTIL: 64910
64 25 44 46 #UTIL: 61637
64 25 74 44 46 #UTIL: 52195
64 38 25 44 46 #UTIL: 50969
64 25 74 44 #UTIL: 56008
64 38 25 74 44 #UTIL: 50138
64 21 25 44 #UTIL: 52380
64 38 25 44 #UTIL: 57380
64 54 25 44 #UTIL: 50409
64 25 46 #UTIL: 62441
64 25 74 46 #UTIL: 51668
64 38 25 46 #UTIL: 50834
64 25 74 #UTIL: 53746
64 21 25 #UTIL: 51108
64 38 25 #UTIL: 55076
50 25 #UTIL: 57366
50 25 42 #UTIL: 55388
50 25 42 44 #UTIL: 53187
50 25 42 46 #UTIL: 50939
50 25 44 #UTIL: 55122
50 25 44 46 #UTIL: 50050
50 38 25 44 #UTIL: 50211
50 25 46 #UTIL: 52610
50 25 74 #UTIL: 50726
69 25 #UTIL: 53683
69 25 42 #UTIL: 50357
7 25 #UTIL: 60364
54 7 24 25 74 44 #UTIL: 51347
54 7 24 25 74 #UTIL: 53835
7 25 42 #UTIL: 63391
7 25 42 44 #UTIL: 63604
7 25 42 44 46 #UTIL: 60716
7 25 42 74 44 46 #UTIL: 51956
7 25 42 74 44 #UTIL: 55044
21 7 25 42 44 #UTIL: 53644
38 7 25 42 44 #UTIL: 55535
7 25 42 46 #UTIL: 62311
7 25 42 74 46 #UTIL: 52236
7 25 42 74 #UTIL: 54126
21 7 25 42 #UTIL: 53622
38 7 25 42 #UTIL: 54040
7 25 44 #UTIL: 61831
7 25 44 46 #UTIL: 59906
7 25 74 44 46 #UTIL: 54606
54 7 25 74 44 46 #UTIL: 51768
54 7 25 44 46 #UTIL: 50881
7 25 74 44 #UTIL: 57749
38 7 25 74 44 #UTIL: 50122
54 7 25 74 44 #UTIL: 55370
21 7 25 44 #UTIL: 53387
38 7 25 44 #UTIL: 54384
54 7 25 44 #UTIL: 52874
7 25 46 #UTIL: 60223
7 25 74 46 #UTIL: 54653
54 7 25 74 46 #UTIL: 52334
54 7 25 46 #UTIL: 50615
7 25 74 #UTIL: 57143
54 7 25 74 #UTIL: 56018
21 7 25 #UTIL: 52830
38 7 25 #UTIL: 51683
54 7 25 #UTIL: 52123
23 25 #UTIL: 51374
23 25 42 #UTIL: 57382
23 25 42 44 #UTIL: 52940
23 25 42 46 #UTIL: 53756
5 25 #UTIL: 57644
5 54 24 25 74 44 #UTIL: 50355
5 54 24 25 74 #UTIL: 51602
5 25 42 #UTIL: 62202
5 25 42 44 #UTIL: 63178
5 25 42 44 46 #UTIL: 60291
5 25 42 74 44 46 #UTIL: 51631
5 38 25 42 44 46 #UTIL: 50710
5 25 42 74 44 #UTIL: 54642
5 21 25 42 44 #UTIL: 53132
5 38 25 42 44 #UTIL: 56541
5 25 42 46 #UTIL: 61660
5 25 42 74 46 #UTIL: 51752
5 38 25 42 46 #UTIL: 50570
5 25 42 74 #UTIL: 53366
5 21 25 42 #UTIL: 52263
5 38 25 42 #UTIL: 54864
5 25 44 #UTIL: 60552
5 25 44 46 #UTIL: 58597
5 25 74 44 46 #UTIL: 53245
5 54 25 74 44 46 #UTIL: 50414
5 25 74 44 #UTIL: 56342
5 38 25 74 44 #UTIL: 50122
5 54 25 74 44 #UTIL: 53999
5 21 25 44 #UTIL: 52494
5 38 25 44 #UTIL: 54664
5 54 25 44 #UTIL: 51897
5 25 46 #UTIL: 58588
5 25 74 46 #UTIL: 52969
5 54 25 74 46 #UTIL: 50723
5 25 74 #UTIL: 54383
5 54 25 74 #UTIL: 53361
5 21 25 #UTIL: 50382
5 38 25 #UTIL: 51805
5 54 25 #UTIL: 50016
25 42 31 #UTIL: 55400
25 42 44 31 #UTIL: 55404
25 42 44 46 31 #UTIL: 53149
25 42 46 31 #UTIL: 54825
25 44 31 #UTIL: 51281
40 62 #UTIL: 198913
40 25 62 #UTIL: 192848
40 24 25 62 #UTIL: 101367
40 24 25 42 62 #UTIL: 76461
40 24 25 42 44 62 #UTIL: 73180
40 24 25 42 44 62 46 #UTIL: 64840
40 24 25 42 74 44 62 46 #UTIL: 68511
38 40 24 25 42 74 44 62 46 #UTIL: 52950
38 54 40 24 25 42 74 44 62 46 #UTIL: 55539
54 40 24 25 42 74 44 62 46 #UTIL: 72025
38 40 24 25 42 44 62 46 #UTIL: 50265
38 54 40 24 25 42 44 62 46 #UTIL: 52854
54 40 24 25 42 44 62 46 #UTIL: 68354
40 24 25 42 74 44 62 #UTIL: 77535
21 40 24 25 42 74 44 62 #UTIL: 57196
21 54 40 24 25 42 74 44 62 #UTIL: 60128
38 40 24 25 42 74 44 62 #UTIL: 62882
38 54 40 24 25 42 74 44 62 #UTIL: 66110
54 40 24 25 42 74 44 62 #UTIL: 81727
21 40 24 25 42 44 62 #UTIL: 54147
21 54 40 24 25 42 44 62 #UTIL: 57079
38 40 24 25 42 44 62 #UTIL: 59559
38 54 40 24 25 42 44 62 #UTIL: 62787
54 40 24 25 42 44 62 #UTIL: 77372
40 24 25 42 62 46 #UTIL: 67682
40 24 25 42 74 62 46 #UTIL: 71734
21 54 40 24 25 42 74 62 46 #UTIL: 50572
38 40 24 25 42 74 62 46 #UTIL: 54195
38 54 40 24 25 42 74 62 46 #UTIL: 56975
54 40 24 25 42 74 62 46 #UTIL: 75621
38 40 24 25 42 62 46 #UTIL: 51305
38 54 40 24 25 42 62 46 #UTIL: 54085
54 40 24 25 42 62 46 #UTIL: 71569
40 24 25 42 74 62 #UTIL: 81301
21 40 24 25 42 74 62 #UTIL: 58841
21 54 40 24 25 42 74 62 #UTIL: 62035
38 40 24 25 42 74 62 #UTIL: 64984
38 54 40 24 25 42 74 62 #UTIL: 68502
54 40 24 25 42 74 62 #UTIL: 85965
21 40 24 25 42 62 #UTIL: 55539
21 54 40 24 25 42 62 #UTIL: 58733
38 40 24 25 42 62 #UTIL: 61352
38 54 40 24 25 42 62 #UTIL: 64870
54 40 24 25 42 62 #UTIL: 81125
40 24 25 44 62 #UTIL: 92525
40 24 25 44 62 46 #UTIL: 79880
40 24 25 74 44 62 46 #UTIL: 84644
21 40 24 25 74 44 62 46 #UTIL: 58135
21 54 40 24 25 74 44 62 46 #UTIL: 61095
38 40 24 25 74 44 62 46 #UTIL: 62671
38 54 40 24 25 74 44 62 46 #UTIL: 65884
54 40 24 25 74 44 62 46 #UTIL: 89234
21 40 24 25 44 62 46 #UTIL: 55040
21 54 40 24 25 44 62 46 #UTIL: 58000
38 40 24 25 44 62 46 #UTIL: 59322
38 54 40 24 25 44 62 46 #UTIL: 62535
54 40 24 25 44 62 46 #UTIL: 84470
40 24 25 74 44 62 #UTIL: 98338
21 40 24 25 74 44 62 #UTIL: 72593
21 38 40 24 25 74 44 62 #UTIL: 54501
21 38 54 40 24 25 74 44 62 #UTIL: 57214
21 54 40 24 25 74 44 62 #UTIL: 76494
38 40 24 25 74 44 62 #UTIL: 76735
38 54 40 24 25 74 44 62 #UTIL: 80843
54 40 24 25 74 44 62 #UTIL: 103953
54 40 24 25 74 44 13 62 #UTIL: 57461
54 40 24 25 73 74 44 62 #UTIL: 56228
54 40 24 25 74 44 62 14 #UTIL: 52307
40 24 25 74 44 13 62 #UTIL: 54496
40 24 25 73 74 44 62 #UTIL: 53546
21 40 24 25 44 62 #UTIL: 68545
21 38 40 24 25 44 62 #UTIL: 51627
21 38 54 40 24 25 44 62 #UTIL: 54340
21 54 40 24 25 44 62 #UTIL: 72446
38 40 24 25 44 62 #UTIL: 72454
38 54 40 24 25 44 62 #UTIL: 76562
54 40 24 25 44 62 #UTIL: 98140
54 40 24 25 44 13 62 #UTIL: 54397
54 40 24 25 73 44 62 #UTIL: 53440
40 24 25 44 13 62 #UTIL: 51432
40 24 25 73 44 62 #UTIL: 50758
40 24 25 62 46 #UTIL: 85948
40 24 25 74 62 46 #UTIL: 91387
21 40 24 25 74 62 46 #UTIL: 59943
21 54 40 24 25 74 62 46 #UTIL: 63152
38 40 24 25 74 62 46 #UTIL: 64554
38 54 40 24 25 74 62 46 #UTIL: 68073
54 40 24 25 74 62 46 #UTIL: 96636
54 40 24 25 74 13 62 46 #UTIL: 53641
54 40 24 25 73 74 62 46 #UTIL: 52051
40 24 25 74 13 62 46 #UTIL: 50918
21 40 24 25 62 46 #UTIL: 56600
21 54 40 24 25 62 46 #UTIL: 59809
38 40 24 25 62 46 #UTIL: 60903
38 54 40 24 25 62 46 #UTIL: 64422
54 40 24 25 62 46 #UTIL: 91197
54 40 24 25 13 62 46 #UTIL: 50797
40 24 25 74 62 #UTIL: 108183
21 40 24 25 74 62 #UTIL: 78372
21 38 40 24 25 74 62 #UTIL: 54967
21 38 54 40 24 25 74 62 #UTIL: 57882
21 54 40 24 25 74 62 #UTIL: 82859
38 40 24 25 74 62 #UTIL: 80399
38 54 40 24 25 74 62 #UTIL: 85015
54 40 24 25 74 62 #UTIL: 114794
54 40 24 25 74 13 62 #UTIL: 64887
54 40 24 25 73 74 62 #UTIL: 61907
54 40 24 25 74 62 14 #UTIL: 56697
20 54 40 24 25 74 62 #UTIL: 50494
40 24 25 74 13 62 #UTIL: 61334
40 24 25 73 74 62 #UTIL: 58779
40 24 25 74 62 14 #UTIL: 53639
21 40 24 25 62 #UTIL: 73748
21 38 40 24 25 62 #UTIL: 51893
21 38 54 40 24 25 62 #UTIL: 54808
21 54 40 24 25 62 #UTIL: 78235
38 40 24 25 62 #UTIL: 75616
38 54 40 24 25 62 #UTIL: 80232
54 40 24 25 62 #UTIL: 107978
54 40 24 25 13 62 #UTIL: 61246
54 40 24 25 73 62 #UTIL: 58679
54 40 24 25 62 14 #UTIL: 53522
40 24 25 13 62 #UTIL: 57693
40 24 25 73 62 #UTIL: 55551
40 24 25 62 14 #UTIL: 50464
40 25 42 62 #UTIL: 175678
40 25 42 44 62 #UTIL: 158383
40 25 42 44 62 46 #UTIL: 139020
51 40 25 42 44 62 46 #UTIL: 63354
51 40 25 42 74 44 62 46 #UTIL: 50121
40 25 42 74 44 62 46 #UTIL: 112652
21 40 25 42 74 44 62 46 #UTIL: 78468
21 38 40 25 42 74 44 62 46 #UTIL: 58676
21 54 40 25 42 74 44 62 46 #UTIL: 64827
38 40 25 42 74 44 62 46 #UTIL: 89213
38 54 40 25 42 74 44 62 46 #UTIL: 75083
54 40 25 42 74 44 62 46 #UTIL: 94960
54 40 25 42 74 44 13 62 46 #UTIL: 51406
40 25 42 74 44 13 62 46 #UTIL: 59103
40 25 42 74 44 62 46 14 #UTIL: 60316
21 40 25 42 44 62 46 #UTIL: 97167
21 38 40 25 42 44 62 46 #UTIL: 71414
21 38 54 40 25 42 44 62 46 #UTIL: 51602
21 54 40 25 42 44 62 46 #UTIL: 70893
21 40 25 42 44 62 46 14 #UTIL: 57276
38 40 25 42 44 62 46 #UTIL: 108360
38 54 40 25 42 44 62 46 #UTIL: 80196
38 40 25 42 44 28 62 46 #UTIL: 59950
38 40 25 42 44 13 62 46 #UTIL: 56413
38 40 25 42 44 62 46 14 #UTIL: 58425
54 40 25 42 44 62 46 #UTIL: 102674
54 40 25 42 44 13 62 46 #UTIL: 54660
54 40 25 42 44 62 46 14 #UTIL: 54220
40 25 42 44 12 62 46 #UTIL: 63936
40 25 42 44 28 62 46 #UTIL: 60083
40 25 42 44 13 62 46 #UTIL: 71741
40 25 42 44 62 46 14 #UTIL: 76211
22 40 25 42 44 62 46 #UTIL: 50654
51 40 25 42 44 62 #UTIL: 69954
51 40 25 42 74 44 62 #UTIL: 55077
51 21 40 25 42 44 62 #UTIL: 56336
40 25 42 74 44 62 #UTIL: 128117
21 40 25 42 74 44 62 #UTIL: 95732
21 38 40 25 42 74 44 62 #UTIL: 76786
21 38 54 40 25 42 74 44 62 #UTIL: 62477
21 54 40 25 42 74 44 62 #UTIL: 78280
21 40 25 42 74 44 62 14 #UTIL: 54511
38 40 25 42 74 44 62 #UTIL: 106205
38 54 40 25 42 74 44 62 #UTIL: 88692
38 40 25 42 74 44 28 62 #UTIL: 58716
38 40 25 42 74 44 13 62 #UTIL: 57124
38 40 25 42 74 44 62 14 #UTIL: 55419
54 40 25 42 74 44 62 #UTIL: 107054
54 40 25 42 74 44 13 62 #UTIL: 58913
54 40 25 42 74 44 62 14 #UTIL: 54593
40 25 42 74 44 12 62 #UTIL: 57222
40 25 42 74 44 28 62 #UTIL: 57740
40 25 42 74 44 13 62 #UTIL: 68295
40 25 42 74 44 62 14 #UTIL: 68001
20 40 25 42 74 44 62 #UTIL: 55189
21 40 25 42 44 62 #UTIL: 118851
21 38 40 25 42 44 62 #UTIL: 94161
21 38 54 40 25 42 44 62 #UTIL: 66408
21 38 40 25 42 44 28 62 #UTIL: 53221
21 38 40 25 42 44 62 14 #UTIL: 53406
21 54 40 25 42 44 62 #UTIL: 84571
21 40 25 42 44 12 62 #UTIL: 59614
21 40 25 42 44 28 62 #UTIL: 53370
21 40 25 42 44 13 62 #UTIL: 57086
21 40 25 42 44 62 14 #UTIL: 69360
38 40 25 42 44 62 #UTIL: 129767
38 54 40 25 42 44 62 #UTIL: 94169
38 54 40 25 42 44 28 62 #UTIL: 52627
38 54 40 25 42 44 13 62 #UTIL: 51428
38 40 25 42 44 12 62 #UTIL: 59750
38 40 25 42 44 28 62 #UTIL: 73706
38 40 25 42 44 13 62 #UTIL: 69158
38 40 25 42 44 62 14 #UTIL: 68840
20 38 40 25 42 44 62 #UTIL: 59733
54 40 25 42 44 62 #UTIL: 114928
54 40 25 42 44 28 62 #UTIL: 52307
54 40 25 42 44 13 62 #UTIL: 62079
54 40 25 42 44 62 14 #UTIL: 60217
40 25 42 44 12 62 #UTIL: 75794
55 40 25 42 44 62 #UTIL: 57611
40 25 42 44 28 62 #UTIL: 72844
40 25 42 44 13 62 #UTIL: 83218
40 25 42 44 62 14 #UTIL: 86012
18 40 25 42 44 62 #UTIL: 51338
18 20 40 25 42 44 62 #UTIL: 54465
20 40 25 42 44 62 #UTIL: 70614
22 40 25 42 44 62 #UTIL: 50274
40 25 42 62 46 #UTIL: 155178
51 40 25 42 62 46 #UTIL: 70998
51 40 25 42 74 62 46 #UTIL: 54596
51 21 40 25 42 62 46 #UTIL: 52078
40 25 42 74 62 46 #UTIL: 121514
21 40 25 42 74 62 46 #UTIL: 83071
21 38 40 25 42 74 62 46 #UTIL: 59254
21 54 40 25 42 74 62 46 #UTIL: 67019
38 40 25 42 74 62 46 #UTIL: 94425
38 54 40 25 42 74 62 46 #UTIL: 78846
38 40 25 42 74 28 62 46 #UTIL: 52554
38 40 25 42 74 62 46 14 #UTIL: 50400
54 40 25 42 74 62 46 #UTIL: 101182
54 40 25 42 74 13 62 46 #UTIL: 54975
54 40 25 42 74 62 46 14 #UTIL: 52260
40 25 42 74 12 62 46 #UTIL: 51213
40 25 42 74 28 62 46 #UTIL: 51855
40 25 42 74 13 62 46 #UTIL: 63730
40 25 42 74 62 46 14 #UTIL: 65459
21 40 25 42 62 46 #UTIL: 104573
21 38 40 25 42 62 46 #UTIL: 72233
21 38 54 40 25 42 62 46 #UTIL: 51197
21 54 40 25 42 62 46 #UTIL: 73947
21 40 25 42 62 46 14 #UTIL: 61809
38 40 25 42 62 46 #UTIL: 116591
38 54 40 25 42 62 46 #UTIL: 83881
38 40 25 42 28 62 46 #UTIL: 65199
38 40 25 42 13 62 46 #UTIL: 60386
38 40 25 42 62 46 14 #UTIL: 63560
38 22 40 25 42 62 46 #UTIL: 51734
54 40 25 42 62 46 #UTIL: 109723
54 40 25 42 13 62 46 #UTIL: 58800
54 40 25 42 62 46 14 #UTIL: 57921
40 25 42 12 62 46 #UTIL: 69833
39 40 25 42 62 46 #UTIL: 52323
55 40 25 42 62 46 #UTIL: 59250
40 25 42 28 62 46 #UTIL: 64653
40 25 42 13 62 46 #UTIL: 79620
40 25 42 62 46 14 #UTIL: 86080
22 40 25 42 62 46 #UTIL: 61002
51 40 25 42 62 #UTIL: 78185
51 40 25 42 74 62 #UTIL: 59827
51 21 40 25 42 62 #UTIL: 61444
51 38 40 25 42 62 #UTIL: 53202
51 54 40 25 42 62 #UTIL: 53169
40 25 42 74 62 #UTIL: 137640
21 40 25 42 74 62 #UTIL: 101778
21 38 40 25 42 74 62 #UTIL: 78583
21 38 54 40 25 42 74 62 #UTIL: 63192
21 54 40 25 42 74 62 #UTIL: 81249
21 40 25 42 74 13 62 #UTIL: 50674
21 40 25 42 74 62 14 #UTIL: 57491
38 40 25 42 74 62 #UTIL: 111941
38 54 40 25 42 74 62 #UTIL: 93047
38 54 40 25 42 74 13 62 #UTIL: 51775
38 40 25 42 74 28 62 #UTIL: 61890
38 40 25 42 74 13 62 #UTIL: 60263
38 40 25 42 74 62 14 #UTIL: 58727
54 40 25 42 74 62 #UTIL: 113455
54 40 25 42 74 13 62 #UTIL: 62742
54 40 25 42 74 62 14 #UTIL: 57914
40 25 42 74 12 62 #UTIL: 60656
40 25 42 74 28 62 #UTIL: 60433
40 25 42 74 13 62 #UTIL: 73640
40 25 42 74 62 14 #UTIL: 73251
20 40 25 42 74 62 #UTIL: 56348
40 25 42 75 62 #UTIL: 57508
21 40 25 42 62 #UTIL: 128761
21 38 40 25 42 62 #UTIL: 96263
21 38 54 40 25 42 62 #UTIL: 67325
21 38 40 25 42 28 62 #UTIL: 52214
21 38 40 25 42 62 14 #UTIL: 54366
21 54 40 25 42 62 #UTIL: 88846
21 54 40 25 42 62 14 #UTIL: 50190
21 40 25 42 12 62 #UTIL: 61456
21 55 40 25 42 62 #UTIL: 51756
21 40 25 42 28 62 #UTIL: 52080
21 40 25 42 13 62 #UTIL: 62750
21 40 25 42 62 14 #UTIL: 74689
20 21 40 25 42 62 #UTIL: 51810
38 40 25 42 62 #UTIL: 138240
38 54 40 25 42 62 #UTIL: 98532
38 54 40 25 42 28 62 #UTIL: 54001
38 54 40 25 42 13 62 #UTIL: 54021
38 54 40 25 42 62 14 #UTIL: 50724
38 40 25 42 12 62 #UTIL: 62233
38 55 40 25 42 62 #UTIL: 51936
38 40 25 42 28 62 #UTIL: 77578
38 40 25 42 13 62 #UTIL: 73602
38 40 25 42 62 14 #UTIL: 73934
20 38 40 25 42 62 #UTIL: 60943
38 22 40 25 42 62 #UTIL: 51361
54 40 25 42 62 #UTIL: 122497
54 40 25 42 12 62 #UTIL: 50755
54 40 25 42 28 62 #UTIL: 53303
54 40 25 42 13 62 #UTIL: 66708
54 40 25 42 62 14 #UTIL: 64104
40 25 42 12 62 #UTIL: 81553
39 40 25 42 62 #UTIL: 53770
55 40 25 42 62 #UTIL: 70221
40 25 42 28 62 #UTIL: 76029
40 25 42 13 62 #UTIL: 92302
40 25 42 62 14 #UTIL: 96114
18 40 25 42 62 #UTIL: 50216
18 20 40 25 42 62 #UTIL: 53482
20 40 25 42 62 #UTIL: 73078
22 40 25 42 62 #UTIL: 59616
40 25 44 62 #UTIL: 171760
40 25 44 62 46 #UTIL: 149431
51 40 25 44 62 46 #UTIL: 66222
51 40 25 74 44 62 46 #UTIL: 54269
40 25 74 44 62 46 #UTIL: 126501
21 40 25 74 44 62 46 #UTIL: 87192
21 38 40 25 74 44 62 46 #UTIL: 63727
21 38 54 40 25 74 44 62 46 #UTIL: 54189
21 54 40 25 74 44 62 46 #UTIL: 75282
38 40 25 74 44 62 46 #UTIL: 97586
38 54 40 25 74 44 62 46 #UTIL: 85236
38 40 25 74 44 13 62 46 #UTIL: 52900
38 40 25 74 44 62 46 14 #UTIL: 50544
54 40 25 74 44 62 46 #UTIL: 111459
54 40 25 74 44 13 62 46 #UTIL: 63025
54 40 25 73 74 44 62 46 #UTIL: 54423
54 40 25 74 44 62 46 14 #UTIL: 55149
40 25 74 44 13 62 46 #UTIL: 69297
40 25 73 74 44 62 46 #UTIL: 51607
40 25 74 44 62 46 14 #UTIL: 65269
21 40 25 44 62 46 #UTIL: 103744
21 38 40 25 44 62 46 #UTIL: 75073
21 38 54 40 25 44 62 46 #UTIL: 56948
21 54 40 25 44 62 46 #UTIL: 80025
21 40 25 44 13 62 46 #UTIL: 50338
21 40 25 44 62 46 14 #UTIL: 60045
38 40 25 44 62 46 #UTIL: 114428
38 54 40 25 44 62 46 #UTIL: 88974
38 40 25 44 28 62 46 #UTIL: 57439
38 40 25 44 13 62 46 #UTIL: 61031
38 40 25 44 62 46 14 #UTIL: 60695
54 40 25 44 62 46 #UTIL: 117072
54 40 25 44 13 62 46 #UTIL: 65121
54 40 25 73 44 62 46 #UTIL: 51519
54 40 25 44 62 46 14 #UTIL: 59455
40 25 44 12 62 46 #UTIL: 64564
40 25 44 28 62 46 #UTIL: 57327
40 25 44 13 62 46 #UTIL: 80160
40 25 44 62 46 14 #UTIL: 79501
18 20 40 25 44 62 46 #UTIL: 51643
22 40 25 44 62 46 #UTIL: 55801
51 40 25 44 62 #UTIL: 73632
51 40 25 74 44 62 #UTIL: 60340
51 54 40 25 74 44 62 #UTIL: 52058
51 21 40 25 44 62 #UTIL: 58860
51 54 40 25 44 62 #UTIL: 54767
40 25 74 44 62 #UTIL: 145912
21 40 25 74 44 62 #UTIL: 108695
21 38 40 25 74 44 62 #UTIL: 85002
21 38 54 40 25 74 44 62 #UTIL: 72363
21 54 40 25 74 44 62 #UTIL: 93708
21 54 40 25 74 44 62 14 #UTIL: 50419
21 40 25 74 44 13 62 #UTIL: 55111
21 40 25 74 44 62 14 #UTIL: 60500
38 40 25 74 44 62 #UTIL: 117777
38 54 40 25 74 44 62 #UTIL: 102649
38 54 40 25 74 44 13 62 #UTIL: 58253
38 54 40 25 74 44 62 14 #UTIL: 50550
38 40 25 74 44 28 62 #UTIL: 56357
38 40 25 74 44 13 62 #UTIL: 64873
38 40 25 74 44 62 14 #UTIL: 60367
20 38 40 25 74 44 62 #UTIL: 53609
54 40 25 74 44 62 #UTIL: 128289
54 40 25 74 44 13 62 #UTIL: 73586
54 40 25 73 74 44 62 #UTIL: 62933
54 40 25 74 44 62 14 #UTIL: 62874
20 54 40 25 74 44 62 #UTIL: 55859
40 25 74 44 12 62 #UTIL: 60521
40 25 74 44 28 62 #UTIL: 55199
40 25 74 44 13 62 #UTIL: 81095
40 25 73 74 44 62 #UTIL: 59575
40 25 74 44 62 14 #UTIL: 74715
20 40 25 74 44 62 #UTIL: 64590
21 40 25 44 62 #UTIL: 128784
21 38 40 25 44 62 #UTIL: 100278
21 38 54 40 25 44 62 #UTIL: 75107
21 38 40 25 44 28 62 #UTIL: 50728
21 38 40 25 44 13 62 #UTIL: 50038
21 38 40 25 44 62 14 #UTIL: 56605
21 54 40 25 44 62 #UTIL: 98181
21 54 40 25 44 62 14 #UTIL: 54635
21 40 25 44 12 62 #UTIL: 60120
21 40 25 44 28 62 #UTIL: 50683
21 40 25 44 13 62 #UTIL: 63779
21 40 25 44 62 14 #UTIL: 73777
20 21 40 25 44 62 #UTIL: 54155
38 40 25 44 62 #UTIL: 138230
38 54 40 25 44 62 #UTIL: 106316
38 54 40 25 44 28 62 #UTIL: 50588
38 54 40 25 44 13 62 #UTIL: 59439
38 54 40 25 44 62 14 #UTIL: 53625
38 40 25 44 12 62 #UTIL: 59892
38 40 25 44 28 62 #UTIL: 70276
38 40 25 44 13 62 #UTIL: 75296
38 40 25 44 62 14 #UTIL: 72290
20 38 40 25 44 62 #UTIL: 64722
54 40 25 44 62 #UTIL: 133493
54 40 25 44 12 62 #UTIL: 52723
54 40 25 44 28 62 #UTIL: 50098
54 40 25 44 13 62 #UTIL: 75245
54 40 25 73 44 62 #UTIL: 59416
54 40 25 44 62 14 #UTIL: 67335
20 54 40 25 44 62 #UTIL: 58700
40 25 44 12 62 #UTIL: 77405
55 40 25 44 62 #UTIL: 54123
40 25 44 28 62 #UTIL: 69162
40 25 44 13 62 #UTIL: 93683
40 25 73 44 62 #UTIL: 56058
40 25 44 62 14 #UTIL: 90643
18 40 25 44 62 #UTIL: 55916
18 20 40 25 44 62 #UTIL: 59468
20 40 25 44 62 #UTIL: 77988
22 40 25 44 62 #UTIL: 55397
40 25 62 46 #UTIL: 167128
51 40 25 62 46 #UTIL: 74502
51 40 25 74 62 46 #UTIL: 59726
51 54 40 25 74 62 46 #UTIL: 51287
51 21 40 25 62 46 #UTIL: 53450
51 54 40 25 62 46 #UTIL: 54406
40 25 74 62 46 #UTIL: 137879
21 40 25 74 62 46 #UTIL: 92271
21 38 40 25 74 62 46 #UTIL: 63659
21 38 54 40 25 74 62 46 #UTIL: 53192
21 54 40 25 74 62 46 #UTIL: 78242
21 40 25 74 62 46 14 #UTIL: 51656
38 40 25 74 62 46 #UTIL: 102819
38 54 40 25 74 62 46 #UTIL: 89295
38 40 25 74 28 62 46 #UTIL: 50505
38 40 25 74 13 62 46 #UTIL: 55476
38 40 25 74 62 46 14 #UTIL: 53864
54 40 25 74 62 46 #UTIL: 120793
54 40 25 74 13 62 46 #UTIL: 68877
54 40 25 73 74 62 46 #UTIL: 56934
54 40 25 74 62 46 14 #UTIL: 59583
54 22 40 25 74 62 46 #UTIL: 50224
40 25 74 12 62 46 #UTIL: 53631
40 25 74 13 62 46 #UTIL: 75891
40 25 73 74 62 46 #UTIL: 53815
40 25 74 62 46 14 #UTIL: 71277
22 40 25 74 62 46 #UTIL: 54822
21 40 25 62 46 #UTIL: 111246
21 38 40 25 62 46 #UTIL: 75168
21 38 54 40 25 62 46 #UTIL: 55980
21 54 40 25 62 46 #UTIL: 83656
21 40 25 13 62 46 #UTIL: 54404
21 40 25 62 46 14 #UTIL: 64354
38 40 25 62 46 #UTIL: 122274
38 54 40 25 62 46 #UTIL: 92808
38 54 40 25 13 62 46 #UTIL: 51303
38 40 25 28 62 46 #UTIL: 62224
38 40 25 13 62 46 #UTIL: 64890
38 40 25 62 46 14 #UTIL: 65650
38 22 40 25 62 46 #UTIL: 55411
54 40 25 62 46 #UTIL: 126773
54 40 25 13 62 46 #UTIL: 71293
54 40 25 73 62 46 #UTIL: 53733
54 40 25 62 46 14 #UTIL: 64092
54 22 40 25 62 46 #UTIL: 51665
40 25 12 62 46 #UTIL: 70677
39 40 25 62 46 #UTIL: 61100
55 40 25 62 46 #UTIL: 55761
40 25 28 62 46 #UTIL: 61433
40 25 13 62 46 #UTIL: 89545
40 25 73 62 46 #UTIL: 50614
40 25 62 46 14 #UTIL: 89719
18 20 40 25 62 46 #UTIL: 51130
22 40 25 62 46 #UTIL: 67910
51 40 25 62 #UTIL: 83624
51 40 25 74 62 #UTIL: 67357
51 21 40 25 74 62 #UTIL: 52891
51 54 40 25 74 62 #UTIL: 57965
51 21 40 25 62 #UTIL: 65187
51 38 40 25 62 #UTIL: 55257
51 54 40 25 62 #UTIL: 61113
40 25 74 62 #UTIL: 160627
21 40 25 74 62 #UTIL: 118427
21 38 40 25 74 62 #UTIL: 87054
21 38 54 40 25 74 62 #UTIL: 73565
21 54 40 25 74 62 #UTIL: 101019
21 54 40 25 74 13 62 #UTIL: 54850
21 54 40 25 73 74 62 #UTIL: 54035
21 54 40 25 74 62 14 #UTIL: 52549
21 40 25 74 12 62 #UTIL: 50242
21 40 25 74 13 62 #UTIL: 62258
21 40 25 73 74 62 #UTIL: 51135
21 40 25 74 62 14 #UTIL: 64119
38 40 25 74 62 #UTIL: 124199
38 54 40 25 74 62 #UTIL: 108096
38 54 40 25 74 13 62 #UTIL: 61641
38 54 40 25 74 62 14 #UTIL: 53327
38 40 25 74 28 62 #UTIL: 59184
38 40 25 74 13 62 #UTIL: 68673
38 40 25 74 62 14 #UTIL: 63899
20 38 40 25 74 62 #UTIL: 55289
54 40 25 74 62 #UTIL: 140842
54 40 25 74 12 62 #UTIL: 53140
54 40 25 74 13 62 #UTIL: 82446
54 40 25 73 74 62 #UTIL: 68397
54 40 25 74 62 14 #UTIL: 67927
20 54 40 25 74 62 #UTIL: 59853
40 25 74 12 62 #UTIL: 65852
39 40 25 74 62 #UTIL: 51412
40 25 74 28 62 #UTIL: 57545
40 25 74 13 62 #UTIL: 90899
40 25 73 74 62 #UTIL: 64505
40 25 74 62 14 #UTIL: 81309
20 40 25 74 62 #UTIL: 68876
22 40 25 74 62 #UTIL: 53685
40 25 75 62 #UTIL: 54039
21 40 25 62 #UTIL: 141578
21 38 40 25 62 #UTIL: 102409
21 38 54 40 25 62 #UTIL: 76374
21 38 40 25 13 62 #UTIL: 51950
21 38 40 25 62 14 #UTIL: 57388
21 54 40 25 62 #UTIL: 106297
21 54 40 25 13 62 #UTIL: 56251
21 54 40 25 73 62 #UTIL: 51013
21 54 40 25 62 14 #UTIL: 57221
21 40 25 12 62 #UTIL: 63788
21 39 40 25 62 #UTIL: 52878
21 40 25 13 62 #UTIL: 72427
21 40 25 62 14 #UTIL: 79392
20 21 40 25 62 #UTIL: 59738
38 40 25 62 #UTIL: 146835
38 54 40 25 62 #UTIL: 111505
38 54 40 25 28 62 #UTIL: 51725
38 54 40 25 13 62 #UTIL: 62760
38 54 40 25 62 14 #UTIL: 56282
20 38 54 40 25 62 #UTIL: 50030
38 40 25 12 62 #UTIL: 62543
38 40 25 28 62 #UTIL: 73684
38 40 25 13 62 #UTIL: 80117
38 40 25 62 14 #UTIL: 77338
20 38 40 25 62 #UTIL: 66399
38 22 40 25 62 #UTIL: 55099
54 40 25 62 #UTIL: 146444
54 40 25 12 62 #UTIL: 56586
54 40 25 28 62 #UTIL: 50857
54 40 25 13 62 #UTIL: 84434
54 40 25 73 62 #UTIL: 64356
54 40 25 62 14 #UTIL: 72655
20 54 40 25 62 #UTIL: 62572
54 22 40 25 62 #UTIL: 50657
40 25 12 62 #UTIL: 84672
39 40 25 62 #UTIL: 65728
55 40 25 62 #UTIL: 65748
40 25 28 62 #UTIL: 71883
40 25 13 62 #UTIL: 106470
40 25 73 62 #UTIL: 60464
40 25 62 14 #UTIL: 101446
18 40 25 62 #UTIL: 54426
18 20 40 25 62 #UTIL: 58134
20 40 25 62 #UTIL: 83097
22 40 25 62 #UTIL: 66232
40 24 62 #UTIL: 101536
40 24 42 62 #UTIL: 77034
40 24 42 44 62 #UTIL: 74025
40 24 42 44 62 46 #UTIL: 65205
40 24 42 74 44 62 46 #UTIL: 69105
21 54 40 24 42 74 44 62 46 #UTIL: 50677
38 40 24 42 74 44 62 46 #UTIL: 53371
38 54 40 24 42 74 44 62 46 #UTIL: 56117
54 40 24 42 74 44 62 46 #UTIL: 72890
38 40 24 42 44 62 46 #UTIL: 50536
38 54 40 24 42 44 62 46 #UTIL: 53282
54 40 24 42 44 62 46 #UTIL: 68990
40 24 42 74 44 62 #UTIL: 78674
21 40 24 42 74 44 62 #UTIL: 58747
21 54 40 24 42 74 44 62 #UTIL: 61934
38 40 24 42 74 44 62 #UTIL: 63923
38 54 40 24 42 74 44 62 #UTIL: 67377
54 40 24 42 74 44 62 #UTIL: 83209
21 40 24 42 44 62 #UTIL: 55481
21 54 40 24 42 44 62 #UTIL: 58668
38 40 24 42 44 62 #UTIL: 60391
38 54 40 24 42 44 62 #UTIL: 63845
54 40 24 42 44 62 #UTIL: 78560
40 24 42 62 46 #UTIL: 67963
40 24 42 74 62 46 #UTIL: 72285
21 54 40 24 42 74 62 46 #UTIL: 51233
38 40 24 42 74 62 46 #UTIL: 54701
38 54 40 24 42 74 62 46 #UTIL: 57676
54 40 24 42 74 62 46 #UTIL: 76487
38 40 24 42 62 46 #UTIL: 51630
38 54 40 24 42 62 46 #UTIL: 54605
54 40 24 42 62 46 #UTIL: 72165
40 24 42 74 62 #UTIL: 82209
21 40 24 42 74 62 #UTIL: 59941
21 54 40 24 42 74 62 #UTIL: 63390
38 40 24 42 74 62 #UTIL: 65935
38 54 40 24 42 74 62 #UTIL: 69717
54 40 24 42 74 62 #UTIL: 87260
21 40 24 42 62 #UTIL: 56422
21 54 40 24 42 62 #UTIL: 59871
38 40 24 42 62 #UTIL: 62063
38 54 40 24 42 62 #UTIL: 65845
54 40 24 42 62 #UTIL: 82085
40 24 44 62 #UTIL: 93570
40 24 44 62 46 #UTIL: 80365
40 24 74 44 62 46 #UTIL: 85478
21 40 24 74 44 62 46 #UTIL: 59537
21 54 40 24 74 44 62 46 #UTIL: 62762
38 40 24 74 44 62 46 #UTIL: 63371
38 54 40 24 74 44 62 46 #UTIL: 66795
54 40 24 74 44 62 46 #UTIL: 90428
54 40 24 74 44 13 62 46 #UTIL: 50888
54 40 24 73 74 44 62 46 #UTIL: 51011
21 40 24 44 62 46 #UTIL: 56194
21 54 40 24 44 62 46 #UTIL: 59419
38 40 24 44 62 46 #UTIL: 59793
38 54 40 24 44 62 46 #UTIL: 63217
54 40 24 44 62 46 #UTIL: 85315
40 24 74 44 62 #UTIL: 99835
21 40 24 74 44 62 #UTIL: 74999
21 38 40 24 74 44 62 #UTIL: 56507
21 38 54 40 24 74 44 62 #UTIL: 59469
21 54 40 24 74 44 62 #UTIL: 79284
38 40 24 74 44 62 #UTIL: 78258
38 54 40 24 74 44 62 #UTIL: 82691
54 40 24 74 44 62 #UTIL: 105929
54 40 24 74 44 13 62 #UTIL: 60130
54 40 24 73 74 44 62 #UTIL: 58930
54 40 24 74 44 62 14 #UTIL: 52056
40 24 74 44 13 62 #UTIL: 56835
40 24 73 74 44 62 #UTIL: 55923
21 40 24 44 62 #UTIL: 70600
21 38 40 24 44 62 #UTIL: 53398
21 38 54 40 24 44 62 #UTIL: 56360
21 54 40 24 44 62 #UTIL: 74885
38 40 24 44 62 #UTIL: 73653
38 54 40 24 44 62 #UTIL: 78086
54 40 24 44 62 #UTIL: 99664
54 40 24 44 13 62 #UTIL: 56764
54 40 24 73 44 62 #UTIL: 55852
40 24 44 13 62 #UTIL: 53469
40 24 73 44 62 #UTIL: 52845
40 24 62 46 #UTIL: 85994
40 24 74 62 46 #UTIL: 91833
21 40 24 74 62 46 #UTIL: 60853
21 54 40 24 74 62 46 #UTIL: 64327
38 40 24 74 62 46 #UTIL: 65275
38 54 40 24 74 62 46 #UTIL: 69046
54 40 24 74 62 46 #UTIL: 97489
54 40 24 74 13 62 46 #UTIL: 55376
54 40 24 73 74 62 46 #UTIL: 53597
40 24 74 13 62 46 #UTIL: 52370
40 24 73 74 62 46 #UTIL: 50805
21 40 24 62 46 #UTIL: 57262
21 54 40 24 62 46 #UTIL: 60736
38 40 24 62 46 #UTIL: 61354
38 54 40 24 62 46 #UTIL: 65125
54 40 24 62 46 #UTIL: 91650
54 40 24 13 62 46 #UTIL: 52273
54 40 24 73 62 46 #UTIL: 50767
40 24 74 62 #UTIL: 108855
21 40 24 74 62 #UTIL: 79885
21 38 40 24 74 62 #UTIL: 56543
21 38 54 40 24 74 62 #UTIL: 59707
21 54 40 24 74 62 #UTIL: 84756
21 54 40 24 73 74 62 #UTIL: 51520
38 40 24 74 62 #UTIL: 81630
38 54 40 24 74 62 #UTIL: 86612
54 40 24 74 62 #UTIL: 115992
54 40 24 74 13 62 #UTIL: 67182
54 40 24 73 74 62 #UTIL: 63938
54 40 24 74 62 14 #UTIL: 56068
20 54 40 24 74 62 #UTIL: 50868
40 24 74 13 62 #UTIL: 63261
40 24 73 74 62 #UTIL: 60476
40 24 74 62 14 #UTIL: 52852
21 40 24 62 #UTIL: 74910
21 38 40 24 62 #UTIL: 53234
21 38 54 40 24 62 #UTIL: 56398
21 54 40 24 62 #UTIL: 79781
38 40 24 62 #UTIL: 76482
38 54 40 24 62 #UTIL: 81464
54 40 24 62 #UTIL: 108673
54 40 24 13 62 #UTIL: 63208
54 40 24 73 62 #UTIL: 60413
54 40 24 62 14 #UTIL: 52723
40 24 13 62 #UTIL: 59287
40 24 73 62 #UTIL: 56951
40 42 62 #UTIL: 183488
40 42 44 62 #UTIL: 164509
40 42 44 62 46 #UTIL: 143719
51 40 42 44 62 46 #UTIL: 64966
51 40 42 74 44 62 46 #UTIL: 51739
40 42 74 44 62 46 #UTIL: 116942
21 40 42 74 44 62 46 #UTIL: 81678
21 38 40 42 74 44 62 46 #UTIL: 61720
21 38 54 40 42 74 44 62 46 #UTIL: 50166
21 54 40 42 74 44 62 46 #UTIL: 67505
38 40 42 74 44 62 46 #UTIL: 93395
38 54 40 42 74 44 62 46 #UTIL: 78147
38 40 42 74 44 28 62 46 #UTIL: 50970
38 40 42 74 44 13 62 46 #UTIL: 51099
54 40 42 74 44 62 46 #UTIL: 98498
54 40 42 74 44 13 62 46 #UTIL: 55344
40 42 74 44 28 62 46 #UTIL: 50364
40 42 74 44 13 62 46 #UTIL: 63902
40 42 74 44 62 46 14 #UTIL: 60448
21 40 42 44 62 46 #UTIL: 100965
21 38 40 42 44 62 46 #UTIL: 75037
21 38 54 40 42 44 62 46 #UTIL: 54237
21 54 40 42 44 62 46 #UTIL: 74103
21 40 42 44 62 46 14 #UTIL: 57436
38 40 42 44 62 46 #UTIL: 112955
38 54 40 42 44 62 46 #UTIL: 83584
38 40 42 44 28 62 46 #UTIL: 62950
38 40 42 44 13 62 46 #UTIL: 60843
38 40 42 44 62 46 14 #UTIL: 59230
54 40 42 44 62 46 #UTIL: 106471
54 40 42 44 13 62 46 #UTIL: 58572
54 40 42 44 62 46 14 #UTIL: 54645
40 42 44 12 62 46 #UTIL: 60440
40 42 44 28 62 46 #UTIL: 62523
40 42 44 13 62 46 #UTIL: 77339
40 42 44 62 46 14 #UTIL: 76153
22 40 42 44 62 46 #UTIL: 52444
51 40 42 44 62 #UTIL: 71443
51 40 42 74 44 62 #UTIL: 56534
51 21 40 42 44 62 #UTIL: 58138
51 38 40 42 44 62 #UTIL: 50354
51 54 40 42 44 62 #UTIL: 50118
40 42 74 44 62 #UTIL: 133525
21 40 42 74 44 62 #UTIL: 100630
21 38 40 42 74 44 62 #UTIL: 81545
21 38 54 40 42 74 44 62 #UTIL: 65965
21 54 40 42 74 44 62 #UTIL: 82283
21 40 42 74 44 13 62 #UTIL: 52072
21 40 42 74 44 62 14 #UTIL: 54930
38 40 42 74 44 62 #UTIL: 111602
38 54 40 42 74 44 62 #UTIL: 92709
38 54 40 42 74 44 13 62 #UTIL: 53354
38 40 42 74 44 28 62 #UTIL: 61799
38 40 42 74 44 13 62 #UTIL: 62335
38 40 42 74 44 62 14 #UTIL: 56305
54 40 42 74 44 62 #UTIL: 111486
54 40 42 74 44 13 62 #UTIL: 63850
54 40 42 74 44 62 14 #UTIL: 54716
40 42 74 44 12 62 #UTIL: 54394
40 42 74 44 28 62 #UTIL: 60362
40 42 74 44 13 62 #UTIL: 74284
40 42 74 44 62 14 #UTIL: 68278
20 40 42 74 44 62 #UTIL: 56237
21 40 42 44 62 #UTIL: 124877
21 38 40 42 44 62 #UTIL: 100077
21 38 54 40 42 44 62 #UTIL: 70513
21 38 40 42 44 28 62 #UTIL: 56499
21 38 40 42 44 13 62 #UTIL: 51946
21 38 40 42 44 62 14 #UTIL: 54418
21 54 40 42 44 62 #UTIL: 89157
21 40 42 44 12 62 #UTIL: 56750
21 40 42 44 28 62 #UTIL: 56124
21 40 42 44 13 62 #UTIL: 63435
21 40 42 44 62 14 #UTIL: 69883
20 21 40 42 44 62 #UTIL: 51694
38 40 42 44 62 #UTIL: 135955
38 54 40 42 44 62 #UTIL: 98561
38 54 40 42 44 28 62 #UTIL: 55202
38 54 40 42 44 13 62 #UTIL: 55574
38 40 42 44 12 62 #UTIL: 56757
38 40 42 44 28 62 #UTIL: 77401
38 40 42 44 13 62 #UTIL: 75295
38 40 42 44 62 14 #UTIL: 69806
20 38 40 42 44 62 #UTIL: 61201
54 40 42 44 62 #UTIL: 119590
54 40 42 44 28 62 #UTIL: 54469
54 40 42 44 13 62 #UTIL: 66968
54 40 42 44 62 14 #UTIL: 60708
40 42 44 12 62 #UTIL: 71696
55 40 42 44 62 #UTIL: 60757
40 42 44 28 62 #UTIL: 75859
40 42 44 13 62 #UTIL: 90380
40 42 44 62 14 #UTIL: 86121
18 20 40 42 44 62 #UTIL: 52788
20 40 42 44 62 #UTIL: 71540
22 40 42 44 62 #UTIL: 51579
40 42 62 46 #UTIL: 161456
51 40 42 62 46 #UTIL: 72520
51 40 42 74 62 46 #UTIL: 56013
51 21 40 42 62 46 #UTIL: 53670
40 42 74 62 46 #UTIL: 127214
21 40 42 74 62 46 #UTIL: 87311
21 38 40 42 74 62 46 #UTIL: 63200
21 54 40 42 74 62 46 #UTIL: 69899
38 40 42 74 62 46 #UTIL: 99697
38 54 40 42 74 62 46 #UTIL: 82380
38 40 42 74 28 62 46 #UTIL: 56141
38 40 42 74 13 62 46 #UTIL: 54414
38 40 42 74 62 46 14 #UTIL: 51515
54 40 42 74 62 46 #UTIL: 105283
54 40 42 74 13 62 46 #UTIL: 59457
54 40 42 74 62 46 14 #UTIL: 52441
40 42 74 28 62 46 #UTIL: 54952
40 42 74 13 62 46 #UTIL: 69696
40 42 74 62 46 14 #UTIL: 66013
40 42 75 62 46 #UTIL: 52250
21 40 42 62 46 #UTIL: 108899
21 38 40 42 62 46 #UTIL: 76498
21 38 54 40 42 62 46 #UTIL: 53998
21 54 40 42 62 46 #UTIL: 77189
21 40 42 13 62 46 #UTIL: 53990
21 40 42 62 46 14 #UTIL: 62215
38 40 42 62 46 #UTIL: 122482
38 54 40 42 62 46 #UTIL: 87715
38 40 42 28 62 46 #UTIL: 69316
38 40 42 13 62 46 #UTIL: 65774
38 40 42 62 46 14 #UTIL: 64869
38 22 40 42 62 46 #UTIL: 54214
54 40 42 62 46 #UTIL: 114017
54 40 42 13 62 46 #UTIL: 63270
54 40 42 62 46 14 #UTIL: 58393
40 42 12 62 46 #UTIL: 65826
39 40 42 62 46 #UTIL: 54201
55 40 42 62 46 #UTIL: 62993
40 42 28 62 46 #UTIL: 68082
40 42 13 62 46 #UTIL: 86793
40 42 62 46 14 #UTIL: 86287
22 40 42 62 46 #UTIL: 64161
51 40 42 62 #UTIL: 79424
51 40 42 74 62 #UTIL: 61020
51 21 40 42 62 #UTIL: 62891
51 38 40 42 62 #UTIL: 55019
51 54 40 42 62 #UTIL: 53595
40 42 74 62 #UTIL: 144608
21 40 42 74 62 #UTIL: 107966
21 38 40 42 74 62 #UTIL: 84530
21 38 54 40 42 74 62 #UTIL: 66959
21 54 40 42 74 62 #UTIL: 85429
21 40 42 74 13 62 #UTIL: 56568
21 40 42 74 62 14 #UTIL: 58595
38 40 42 74 62 #UTIL: 118634
38 54 40 42 74 62 #UTIL: 97506
38 54 40 42 74 28 62 #UTIL: 51989
38 54 40 42 74 13 62 #UTIL: 56287
38 40 42 74 28 62 #UTIL: 65816
38 40 42 74 13 62 #UTIL: 66329
38 40 42 74 62 14 #UTIL: 60210
54 40 42 74 62 #UTIL: 118372
54 40 42 74 28 62 #UTIL: 50598
54 40 42 74 13 62 #UTIL: 68135
54 40 42 74 62 14 #UTIL: 58164
40 42 74 12 62 #UTIL: 57447
40 42 74 28 62 #UTIL: 63793
40 42 74 13 62 #UTIL: 80868
40 42 74 62 14 #UTIL: 74075
20 40 42 74 62 #UTIL: 57699
40 42 75 62 #UTIL: 60973
21 40 42 62 #UTIL: 135639
21 38 40 42 62 #UTIL: 103234
21 38 54 40 42 62 #UTIL: 71669
21 38 40 42 28 62 #UTIL: 56057
21 38 40 42 13 62 #UTIL: 53998
21 38 40 42 62 14 #UTIL: 56126
21 54 40 42 62 #UTIL: 93504
21 54 40 42 62 14 #UTIL: 50901
21 40 42 12 62 #UTIL: 58265
21 55 40 42 62 #UTIL: 55572
21 40 42 28 62 #UTIL: 55337
21 40 42 13 62 #UTIL: 69728
21 40 42 62 14 #UTIL: 75662
20 21 40 42 62 #UTIL: 54705
38 40 42 62 #UTIL: 145984
38 54 40 42 62 #UTIL: 103386
38 54 40 42 28 62 #UTIL: 56784
38 54 40 42 13 62 #UTIL: 58616
38 54 40 42 62 14 #UTIL: 51644
38 40 42 12 62 #UTIL: 58902
38 55 40 42 62 #UTIL: 56473
38 40 42 28 62 #UTIL: 82162
38 40 42 13 62 #UTIL: 80757
38 40 42 62 14 #UTIL: 75667
20 38 40 42 62 #UTIL: 62789
38 22 40 42 62 #UTIL: 53321
54 40 42 62 #UTIL: 127618
54 40 42 28 62 #UTIL: 55627
54 40 42 13 62 #UTIL: 72125
54 40 42 62 14 #UTIL: 64659
20 54 40 42 62 #UTIL: 50582
40 42 12 62 #UTIL: 76830
39 40 42 62 #UTIL: 55717
55 40 42 62 #UTIL: 75195
40 42 28 62 #UTIL: 79805
40 42 13 62 #UTIL: 101083
40 42 62 14 #UTIL: 96634
18 20 40 42 62 #UTIL: 51667
20 40 42 62 #UTIL: 74337
22 40 42 62 #UTIL: 62145
40 44 62 #UTIL: 177161
40 44 62 46 #UTIL: 153773
51 40 44 62 46 #UTIL: 67960
51 40 74 44 62 46 #UTIL: 56150
51 21 40 44 62 46 #UTIL: 51581
51 54 40 44 62 46 #UTIL: 51316
40 74 44 62 46 #UTIL: 130812
21 40 74 44 62 46 #UTIL: 90959
21 38 40 74 44 62 46 #UTIL: 67239
21 38 54 40 74 44 62 46 #UTIL: 56986
21 54 40 74 44 62 46 #UTIL: 78755
38 40 74 44 62 46 #UTIL: 101987
38 54 40 74 44 62 46 #UTIL: 88762
38 54 40 74 44 13 62 46 #UTIL: 51406
38 40 74 44 13 62 46 #UTIL: 57284
38 40 74 44 62 46 14 #UTIL: 51168
54 40 74 44 62 46 #UTIL: 115337
54 40 74 44 13 62 46 #UTIL: 67389
54 40 73 74 44 62 46 #UTIL: 57585
54 40 74 44 62 46 14 #UTIL: 55268
40 74 44 13 62 46 #UTIL: 74305
40 73 74 44 62 46 #UTIL: 54423
40 74 44 62 46 14 #UTIL: 65347
21 40 44 62 46 #UTIL: 107820
21 38 40 44 62 46 #UTIL: 78979
21 38 54 40 44 62 46 #UTIL: 60102
21 54 40 44 62 46 #UTIL: 83830
21 40 44 13 62 46 #UTIL: 54879
21 40 44 62 46 14 #UTIL: 60220
38 40 44 62 46 #UTIL: 118972
38 54 40 44 62 46 #UTIL: 92645
38 54 40 44 13 62 46 #UTIL: 52645
38 40 44 28 62 46 #UTIL: 60212
38 40 44 13 62 46 #UTIL: 65692
38 40 44 62 46 14 #UTIL: 61321
54 40 44 62 46 #UTIL: 120959
54 40 44 13 62 46 #UTIL: 69301
54 40 73 44 62 46 #UTIL: 54335
54 40 44 62 46 14 #UTIL: 59836
40 44 12 62 46 #UTIL: 60849
40 44 28 62 46 #UTIL: 59529
40 44 13 62 46 #UTIL: 85704
40 73 44 62 46 #UTIL: 51173
40 44 62 46 14 #UTIL: 79274
18 20 40 44 62 46 #UTIL: 50374
22 40 44 62 46 #UTIL: 57104
51 40 44 62 #UTIL: 75274
51 40 74 44 62 #UTIL: 62137
51 21 40 74 44 62 #UTIL: 50333
51 54 40 74 44 62 #UTIL: 53657
51 21 40 44 62 #UTIL: 61074
51 38 40 44 62 #UTIL: 52182
51 54 40 44 62 #UTIL: 56129
40 74 44 62 #UTIL: 151140
21 40 74 44 62 #UTIL: 114075
21 38 40 74 44 62 #UTIL: 90311
21 38 54 40 74 44 62 #UTIL: 76683
21 54 40 74 44 62 #UTIL: 98545
21 54 40 74 44 13 62 #UTIL: 54039
21 54 40 73 74 44 62 #UTIL: 53913
21 54 40 74 44 62 14 #UTIL: 50693
21 40 74 44 13 62 #UTIL: 60802
21 40 73 74 44 62 #UTIL: 51006
21 40 74 44 62 14 #UTIL: 60954
38 40 74 44 62 #UTIL: 123358
38 54 40 74 44 62 #UTIL: 107195
38 54 40 74 44 13 62 #UTIL: 63003
38 54 40 73 74 44 62 #UTIL: 50907
38 54 40 74 44 62 14 #UTIL: 50984
38 40 74 44 28 62 #UTIL: 59236
38 40 74 44 13 62 #UTIL: 70519
38 40 74 44 62 14 #UTIL: 61136
20 38 40 74 44 62 #UTIL: 55332
54 40 74 44 62 #UTIL: 132974
54 40 74 44 13 62 #UTIL: 78946
54 40 73 74 44 62 #UTIL: 66975
54 40 74 44 62 14 #UTIL: 62995
20 54 40 74 44 62 #UTIL: 57316
40 74 44 12 62 #UTIL: 57335
40 74 44 28 62 #UTIL: 57606
40 74 44 13 62 #UTIL: 87210
40 73 74 44 62 #UTIL: 63153
40 74 44 62 14 #UTIL: 74854
20 40 74 44 62 #UTIL: 65791
21 40 44 62 #UTIL: 134846
21 38 40 44 62 #UTIL: 106406
21 38 54 40 44 62 #UTIL: 79848
21 38 40 44 28 62 #UTIL: 53753
21 38 40 44 13 62 #UTIL: 56030
21 38 40 44 62 14 #UTIL: 57513
21 54 40 44 62 #UTIL: 103332
21 54 40 44 13 62 #UTIL: 54956
21 54 40 73 44 62 #UTIL: 50868
21 54 40 44 62 14 #UTIL: 55276
21 40 44 12 62 #UTIL: 57039
21 40 44 28 62 #UTIL: 53175
21 40 44 13 62 #UTIL: 70391
21 40 44 62 14 #UTIL: 74205
20 21 40 44 62 #UTIL: 56812
38 40 44 62 #UTIL: 144179
38 54 40 44 62 #UTIL: 110991
38 54 40 44 28 62 #UTIL: 53008
38 54 40 44 13 62 #UTIL: 64087
38 54 40 44 62 14 #UTIL: 54354
20 38 54 40 44 62 #UTIL: 50116
38 40 44 12 62 #UTIL: 56702
38 40 44 28 62 #UTIL: 73611
38 40 44 13 62 #UTIL: 81574
38 40 44 62 14 #UTIL: 73010
20 38 40 44 62 #UTIL: 66374
54 40 44 62 #UTIL: 138089
54 40 44 12 62 #UTIL: 50035
54 40 44 28 62 #UTIL: 52094
54 40 44 13 62 #UTIL: 80351
54 40 73 44 62 #UTIL: 63009
54 40 44 62 14 #UTIL: 67711
20 54 40 44 62 #UTIL: 59799
40 44 12 62 #UTIL: 72943
39 40 44 62 #UTIL: 50410
55 40 44 62 #UTIL: 56792
40 44 28 62 #UTIL: 71806
40 44 13 62 #UTIL: 100587
40 73 44 62 #UTIL: 59187
40 44 62 14 #UTIL: 90453
18 40 44 62 #UTIL: 54285
18 20 40 44 62 #UTIL: 57962
20 40 44 62 #UTIL: 78857
22 40 44 62 #UTIL: 56148
40 62 46 #UTIL: 172409
51 40 62 46 #UTIL: 75986
51 40 74 62 46 #UTIL: 61272
51 54 40 74 62 46 #UTIL: 52478
51 21 40 62 46 #UTIL: 55293
51 54 40 62 46 #UTIL: 55387
40 74 62 46 #UTIL: 143070
21 40 74 62 46 #UTIL: 96732
21 38 40 74 62 46 #UTIL: 67938
21 38 54 40 74 62 46 #UTIL: 56174
21 54 40 74 62 46 #UTIL: 81668
21 40 74 13 62 46 #UTIL: 50904
21 40 74 62 46 14 #UTIL: 52283
38 40 74 62 46 #UTIL: 108168
38 54 40 74 62 46 #UTIL: 93219
38 54 40 74 13 62 46 #UTIL: 54027
38 40 74 28 62 46 #UTIL: 53891
38 40 74 13 62 46 #UTIL: 60565
38 40 74 62 46 14 #UTIL: 54860
54 40 74 62 46 #UTIL: 124818
54 40 74 13 62 46 #UTIL: 73500
54 40 73 74 62 46 #UTIL: 59620
54 40 74 62 46 14 #UTIL: 59692
54 22 40 74 62 46 #UTIL: 51617
40 74 12 62 46 #UTIL: 50523
40 74 28 62 46 #UTIL: 52511
40 74 13 62 46 #UTIL: 81712
40 73 74 62 46 #UTIL: 56134
40 74 62 46 14 #UTIL: 71612
22 40 74 62 46 #UTIL: 56573
21 40 62 46 #UTIL: 115505
21 38 40 62 46 #UTIL: 79581
21 38 54 40 62 46 #UTIL: 59218
21 54 40 62 46 #UTIL: 87243
21 40 13 62 46 #UTIL: 59151
21 40 62 46 14 #UTIL: 64648
38 40 62 46 #UTIL: 127896
38 54 40 62 46 #UTIL: 96820
38 54 40 13 62 46 #UTIL: 55219
38 40 28 62 46 #UTIL: 66010
38 40 13 62 46 #UTIL: 70364
38 40 62 46 14 #UTIL: 66718
38 22 40 62 46 #UTIL: 57591
54 40 62 46 #UTIL: 130703
54 40 13 62 46 #UTIL: 75727
54 40 73 62 46 #UTIL: 56057
54 40 62 46 14 #UTIL: 64381
54 22 40 62 46 #UTIL: 52931
40 12 62 46 #UTIL: 66393
39 40 62 46 #UTIL: 62428
55 40 62 46 #UTIL: 59012
40 28 62 46 #UTIL: 64520
40 13 62 46 #UTIL: 96237
40 73 62 46 #UTIL: 52571
40 62 46 14 #UTIL: 89555
22 40 62 46 #UTIL: 70303
51 40 62 #UTIL: 84728
51 40 74 62 #UTIL: 68632
51 21 40 74 62 #UTIL: 54720
51 54 40 74 62 #UTIL: 58882
51 21 40 62 #UTIL: 66812
51 38 40 62 #UTIL: 57178
51 54 40 62 #UTIL: 61712
40 74 62 #UTIL: 166541
21 40 74 62 #UTIL: 124424
21 38 40 74 62 #UTIL: 93250
21 38 54 40 74 62 #UTIL: 77939
21 38 40 74 13 62 #UTIL: 50083
21 54 40 74 62 #UTIL: 105482
21 54 40 74 13 62 #UTIL: 59606
21 54 40 73 74 62 #UTIL: 57627
21 54 40 74 62 14 #UTIL: 52889
21 40 74 13 62 #UTIL: 68271
21 40 73 74 62 #UTIL: 54331
21 40 74 62 14 #UTIL: 65045
20 21 40 74 62 #UTIL: 52255
38 40 74 62 #UTIL: 130761
38 54 40 74 62 #UTIL: 112862
38 54 40 74 28 62 #UTIL: 50015
38 54 40 74 13 62 #UTIL: 66660
38 54 40 73 74 62 #UTIL: 51822
38 54 40 74 62 14 #UTIL: 53797
38 40 74 28 62 #UTIL: 62821
38 40 74 13 62 #UTIL: 74959
38 40 74 62 14 #UTIL: 65176
20 38 40 74 62 #UTIL: 57104
54 40 74 62 #UTIL: 145287
54 40 74 12 62 #UTIL: 50474
54 40 74 13 62 #UTIL: 87750
54 40 73 74 13 62 #UTIL: 51542
54 40 73 74 62 #UTIL: 71621
54 40 74 62 14 #UTIL: 67973
20 54 40 74 62 #UTIL: 60904
54 22 40 74 62 #UTIL: 50293
40 74 12 62 #UTIL: 62150
39 40 74 62 #UTIL: 52354
40 74 28 62 #UTIL: 60605
40 74 13 62 #UTIL: 97646
40 73 74 62 #UTIL: 67244
40 74 62 14 #UTIL: 81739
20 40 74 62 #UTIL: 69986
22 40 74 62 #UTIL: 54940
40 75 62 #UTIL: 57033
21 40 62 #UTIL: 147774
21 38 40 62 #UTIL: 109267
21 38 54 40 62 #UTIL: 81117
21 38 40 28 62 #UTIL: 53144
21 38 40 13 62 #UTIL: 58189
21 38 40 62 14 #UTIL: 58926
20 21 38 40 62 #UTIL: 51214
21 54 40 62 #UTIL: 110950
21 54 40 13 62 #UTIL: 61034
21 54 40 73 62 #UTIL: 54208
21 54 40 62 14 #UTIL: 57827
21 40 12 62 #UTIL: 60258
21 39 40 62 #UTIL: 53740
21 55 40 62 #UTIL: 51929
21 40 62 47 #UTIL: 50223
20 21 40 62 47 #UTIL: 53475
21 40 28 62 #UTIL: 52221
21 40 13 62 #UTIL: 79173
21 40 73 62 #UTIL: 50912
21 40 62 14 #UTIL: 80047
20 21 40 62 #UTIL: 62485
38 40 62 #UTIL: 153925
38 54 40 62 #UTIL: 116375
38 54 40 28 62 #UTIL: 54312
38 54 40 13 62 #UTIL: 67676
38 54 40 62 14 #UTIL: 57042
20 38 54 40 62 #UTIL: 51465
38 40 12 62 #UTIL: 58986
38 55 40 62 #UTIL: 52849
38 40 28 62 #UTIL: 77804
38 40 13 62 #UTIL: 87145
38 40 62 14 #UTIL: 78689
20 38 40 62 #UTIL: 68215
38 22 40 62 #UTIL: 56685
54 40 62 #UTIL: 150718
54 40 12 62 #UTIL: 53472
54 40 28 62 #UTIL: 52974
54 40 13 62 #UTIL: 89522
54 40 73 62 #UTIL: 67115
54 40 62 14 #UTIL: 72871
20 54 40 62 #UTIL: 63323
54 22 40 62 #UTIL: 51471
40 12 62 #UTIL: 79450
39 40 62 #UTIL: 66811
55 40 62 #UTIL: 70016
40 62 47 #UTIL: 50271
20 40 62 47 #UTIL: 53732
40 28 62 #UTIL: 75184
40 13 62 #UTIL: 114287
40 73 62 #UTIL: 62738
40 62 14 #UTIL: 101364
18 40 62 #UTIL: 52592
18 20 40 62 #UTIL: 56426
20 40 62 #UTIL: 83869
22 40 62 #UTIL: 67921
48 62 #UTIL: 126763
48 25 62 #UTIL: 130372
48 24 25 62 #UTIL: 72494
48 24 25 42 62 #UTIL: 55440
48 24 25 42 44 62 #UTIL: 54204
48 24 25 42 74 44 62 46 #UTIL: 52296
48 54 24 25 42 74 44 62 46 #UTIL: 55705
48 54 24 25 42 44 62 46 #UTIL: 52141
48 24 25 42 74 44 62 #UTIL: 58417
48 54 24 25 42 74 44 62 #UTIL: 62471
48 54 24 25 42 44 62 #UTIL: 58258
48 24 25 42 74 62 46 #UTIL: 53715
48 54 24 25 42 74 62 46 #UTIL: 57488
48 54 24 25 42 62 46 #UTIL: 53557
48 24 25 42 74 62 #UTIL: 60124
48 38 54 24 25 42 74 62 #UTIL: 50498
48 54 24 25 42 74 62 #UTIL: 64641
48 54 24 25 42 62 #UTIL: 59957
48 24 25 44 62 #UTIL: 67546
48 24 25 44 62 46 #UTIL: 59531
48 24 25 74 44 62 46 #UTIL: 64205
48 54 24 25 74 44 62 46 #UTIL: 68716
48 54 24 25 44 62 46 #UTIL: 64042
48 24 25 74 44 62 #UTIL: 73244
48 21 24 25 74 44 62 #UTIL: 55647
48 21 54 24 25 74 44 62 #UTIL: 59479
48 38 24 25 74 44 62 #UTIL: 56043
48 38 54 24 25 74 44 62 #UTIL: 59967
48 54 24 25 74 44 62 #UTIL: 78755
48 21 24 25 44 62 #UTIL: 51667
48 21 54 24 25 44 62 #UTIL: 55499
48 38 24 25 44 62 #UTIL: 51965
48 38 54 24 25 44 62 #UTIL: 55889
48 54 24 25 44 62 #UTIL: 73057
48 24 25 62 46 #UTIL: 62669
48 24 25 74 62 46 #UTIL: 68004
48 38 54 24 25 74 62 46 #UTIL: 50355
48 54 24 25 74 62 46 #UTIL: 73165
48 54 24 25 62 46 #UTIL: 67830
48 24 25 74 62 #UTIL: 79181
48 21 24 25 74 62 #UTIL: 59028
48 21 54 24 25 74 62 #UTIL: 63446
48 38 24 25 74 62 #UTIL: 58356
48 38 54 24 25 74 62 #UTIL: 62779
48 54 24 25 74 62 #UTIL: 85679
48 21 24 25 62 #UTIL: 54472
48 21 54 24 25 62 #UTIL: 58890
48 38 24 25 62 #UTIL: 53790
48 38 54 24 25 62 #UTIL: 58213
48 54 24 25 62 #UTIL: 78992
48 25 42 62 #UTIL: 121891
48 25 42 44 62 #UTIL: 113074
48 25 42 44 62 46 #UTIL: 101272
48 51 25 42 44 62 46 #UTIL: 50251
48 25 42 74 44 62 46 #UTIL: 81602
48 21 25 42 74 44 62 46 #UTIL: 58365
48 38 25 42 74 44 62 46 #UTIL: 62279
48 38 54 25 42 74 44 62 46 #UTIL: 53534
48 54 25 42 74 44 62 46 #UTIL: 70228
48 21 25 42 44 62 46 #UTIL: 72572
48 21 38 25 42 44 62 46 #UTIL: 51388
48 21 54 25 42 44 62 46 #UTIL: 53555
48 38 25 42 44 62 46 #UTIL: 76651
48 38 54 25 42 44 62 46 #UTIL: 57128
48 54 25 42 44 62 46 #UTIL: 75326
48 25 42 44 12 62 46 #UTIL: 50971
48 25 42 44 13 62 46 #UTIL: 51001
48 25 42 44 62 46 14 #UTIL: 58777
48 51 25 42 44 62 #UTIL: 54716
48 25 42 74 44 62 #UTIL: 91243
48 21 25 42 74 44 62 #UTIL: 70312
48 21 38 25 42 74 44 62 #UTIL: 54700
48 21 54 25 42 74 44 62 #UTIL: 58676
48 38 25 42 74 44 62 #UTIL: 73714
48 38 54 25 42 74 44 62 #UTIL: 62750
48 54 25 42 74 44 62 #UTIL: 77783
48 25 42 74 44 62 14 #UTIL: 50964
48 21 25 42 44 62 #UTIL: 87407
48 21 38 25 42 44 62 #UTIL: 67670
48 21 54 25 42 44 62 #UTIL: 62777
48 21 25 42 44 62 14 #UTIL: 53619
48 38 25 42 44 62 #UTIL: 90889
48 38 54 25 42 44 62 #UTIL: 66423
48 38 25 42 44 28 62 #UTIL: 52090
48 38 25 42 44 62 14 #UTIL: 51105
48 54 25 42 44 62 #UTIL: 82684
48 25 42 44 12 62 #UTIL: 59290
48 25 42 44 28 62 #UTIL: 50967
48 25 42 44 13 62 #UTIL: 58392
48 25 42 44 62 14 #UTIL: 65037
48 20 25 42 44 62 #UTIL: 52093
48 25 42 62 46 #UTIL: 110137
48 51 25 42 62 46 #UTIL: 54833
48 25 42 74 62 46 #UTIL: 85866
48 21 25 42 74 62 46 #UTIL: 60677
48 21 54 25 42 74 62 46 #UTIL: 50154
48 38 25 42 74 62 46 #UTIL: 64692
48 38 54 25 42 74 62 46 #UTIL: 55058
48 54 25 42 74 62 46 #UTIL: 72977
48 21 25 42 62 46 #UTIL: 76444
48 21 38 25 42 62 46 #UTIL: 51242
48 21 54 25 42 62 46 #UTIL: 54790
48 38 25 42 62 46 #UTIL: 80851
48 38 54 25 42 62 46 #UTIL: 58287
48 54 25 42 62 46 #UTIL: 78357
48 25 42 12 62 46 #UTIL: 54476
48 25 42 13 62 46 #UTIL: 55708
48 25 42 62 46 14 #UTIL: 64492
48 51 25 42 62 #UTIL: 59459
48 25 42 74 62 #UTIL: 95430
48 21 25 42 74 62 #UTIL: 73289
48 21 38 25 42 74 62 #UTIL: 55348
48 21 54 25 42 74 62 #UTIL: 59798
48 38 25 42 74 62 #UTIL: 76105
48 38 54 25 42 74 62 #UTIL: 64478
48 54 25 42 74 62 #UTIL: 80320
48 25 42 74 13 62 #UTIL: 50725
48 25 42 74 62 14 #UTIL: 53485
48 21 25 42 62 #UTIL: 92558
48 21 38 25 42 62 #UTIL: 68196
48 21 54 25 42 62 #UTIL: 64615
48 21 25 42 62 14 #UTIL: 56332
48 38 25 42 62 #UTIL: 94760
48 38 54 25 42 62 #UTIL: 67836
48 38 25 42 28 62 #UTIL: 54011
48 38 25 42 62 14 #UTIL: 53522
48 54 25 42 62 #UTIL: 85657
48 25 42 12 62 #UTIL: 62373
48 55 25 42 62 #UTIL: 52541
48 25 42 28 62 #UTIL: 52224
48 25 42 13 62 #UTIL: 63679
48 25 42 62 14 #UTIL: 70425
48 20 25 42 62 #UTIL: 52850
48 25 44 62 #UTIL: 119839
48 25 44 62 46 #UTIL: 107110
48 51 25 44 62 46 #UTIL: 52273
48 25 74 44 62 46 #UTIL: 90813
48 21 25 74 44 62 46 #UTIL: 64626
48 21 54 25 74 44 62 46 #UTIL: 57295
48 38 25 74 44 62 46 #UTIL: 67685
48 38 54 25 74 44 62 46 #UTIL: 60593
48 54 25 74 44 62 46 #UTIL: 81985
48 21 25 44 62 46 #UTIL: 76723
48 21 38 25 44 62 46 #UTIL: 53626
48 21 54 25 44 62 46 #UTIL: 60154
48 38 25 44 62 46 #UTIL: 79830
48 38 54 25 44 62 46 #UTIL: 62841
48 54 25 44 62 46 #UTIL: 84998
48 25 44 12 62 46 #UTIL: 50000
48 25 44 13 62 46 #UTIL: 56174
48 25 44 62 46 14 #UTIL: 60732
48 51 25 44 62 #UTIL: 57020
48 25 74 44 62 #UTIL: 102353
48 21 25 74 44 62 #UTIL: 78941
48 21 38 25 74 44 62 #UTIL: 60073
48 21 38 54 25 74 44 62 #UTIL: 52193
48 21 54 25 74 44 62 #UTIL: 69685
48 38 25 74 44 62 #UTIL: 80775
48 38 54 25 74 44 62 #UTIL: 72051
48 54 25 74 44 62 #UTIL: 92219
48 54 25 74 44 13 62 #UTIL: 52461
48 25 74 44 13 62 #UTIL: 56462
48 25 74 44 62 14 #UTIL: 55334
48 21 25 44 62 #UTIL: 93051
48 21 38 25 44 62 #UTIL: 71012
48 21 38 54 25 44 62 #UTIL: 53700
48 21 54 25 44 62 #UTIL: 71971
48 21 25 44 62 14 #UTIL: 56163
48 38 25 44 62 #UTIL: 94937
48 38 54 25 44 62 #UTIL: 73951
48 38 25 44 13 62 #UTIL: 51005
48 38 25 44 62 14 #UTIL: 52703
48 54 25 44 62 #UTIL: 94464
48 54 25 44 13 62 #UTIL: 52915
48 54 25 44 62 14 #UTIL: 50286
48 25 44 12 62 #UTIL: 58740
48 25 44 13 62 #UTIL: 64599
48 25 44 62 14 #UTIL: 67297
48 20 25 44 62 #UTIL: 55965
48 25 62 46 #UTIL: 116448
48 51 25 62 46 #UTIL: 56949
48 25 74 62 46 #UTIL: 96527
48 21 25 74 62 46 #UTIL: 66728
48 21 54 25 74 62 46 #UTIL: 58153
48 38 25 74 62 46 #UTIL: 70087
48 38 54 25 74 62 46 #UTIL: 62381
48 54 25 74 62 46 #UTIL: 86780
48 25 74 13 62 46 #UTIL: 52416
48 25 74 62 46 14 #UTIL: 52976
48 21 25 62 46 #UTIL: 80005
48 21 38 25 62 46 #UTIL: 52772
48 21 54 25 62 46 #UTIL: 61280
48 38 25 62 46 #UTIL: 83613
48 38 54 25 62 46 #UTIL: 64117
48 54 25 62 46 #UTIL: 89615
48 25 12 62 46 #UTIL: 53511
48 25 13 62 46 #UTIL: 61708
48 25 62 46 14 #UTIL: 66409
48 51 25 62 #UTIL: 62569
48 51 25 74 62 #UTIL: 51133
48 51 21 25 62 #UTIL: 50180
48 25 74 62 #UTIL: 109655
48 21 25 74 62 #UTIL: 83907
48 21 38 25 74 62 #UTIL: 60927
48 21 38 54 25 74 62 #UTIL: 52642
48 21 54 25 74 62 #UTIL: 73452
48 38 25 74 62 #UTIL: 83755
48 38 54 25 74 62 #UTIL: 74774
48 54 25 74 62 #UTIL: 98831
48 54 25 74 13 62 #UTIL: 57800
48 54 25 73 74 62 #UTIL: 50793
48 54 25 74 62 14 #UTIL: 50179
48 25 74 13 62 #UTIL: 62149
48 25 74 62 14 #UTIL: 58599
48 21 25 62 #UTIL: 99389
48 21 38 25 62 #UTIL: 71518
48 21 38 54 25 62 #UTIL: 53963
48 21 54 25 62 #UTIL: 75953
48 21 25 13 62 #UTIL: 50510
48 21 25 62 14 #UTIL: 58753
48 38 25 62 #UTIL: 98843
48 38 54 25 62 #UTIL: 76093
48 38 25 28 62 #UTIL: 50204
48 38 25 13 62 #UTIL: 53925
48 38 25 62 14 #UTIL: 54920
48 54 25 62 #UTIL: 100742
48 54 25 13 62 #UTIL: 58123
48 54 25 62 14 #UTIL: 52881
48 25 12 62 #UTIL: 62666
48 39 25 62 #UTIL: 50749
48 25 13 62 #UTIL: 72112
48 25 62 14 #UTIL: 72786
48 20 25 62 #UTIL: 58290
48 24 62 #UTIL: 68197
48 24 42 62 #UTIL: 52907
48 24 42 44 62 #UTIL: 52072
48 24 42 74 44 62 46 #UTIL: 50456
48 54 24 42 74 44 62 46 #UTIL: 53998
48 54 24 42 44 62 46 #UTIL: 50333
48 24 42 74 44 62 #UTIL: 56425
48 54 24 42 74 44 62 #UTIL: 60654
48 54 24 42 44 62 #UTIL: 56301
48 24 42 74 62 46 #UTIL: 51642
48 54 24 42 74 62 46 #UTIL: 55573
48 54 24 42 62 46 #UTIL: 51522
48 24 42 74 62 #UTIL: 57750
48 54 24 42 74 62 #UTIL: 62467
48 54 24 42 62 #UTIL: 57624
48 24 44 62 #UTIL: 64198
48 24 44 62 46 #UTIL: 56691
48 24 74 44 62 46 #UTIL: 61503
48 54 24 74 44 62 46 #UTIL: 66177
48 54 24 44 62 46 #UTIL: 61365
48 24 74 44 62 #UTIL: 70079
48 21 24 74 44 62 #UTIL: 54142
48 21 54 24 74 44 62 #UTIL: 58172
48 38 24 74 44 62 #UTIL: 53698
48 38 54 24 74 44 62 #UTIL: 57749
48 54 24 74 44 62 #UTIL: 75809
48 21 24 44 62 #UTIL: 50010
48 21 54 24 44 62 #UTIL: 54040
48 38 54 24 44 62 #UTIL: 53565
48 54 24 44 62 #UTIL: 69928
48 24 62 46 #UTIL: 59245
48 24 74 62 46 #UTIL: 64737
48 54 24 74 62 46 #UTIL: 70086
48 54 24 62 46 #UTIL: 64594
48 24 74 62 #UTIL: 75086
48 21 24 74 62 #UTIL: 56831
48 21 54 24 74 62 #UTIL: 61447
48 38 24 74 62 #UTIL: 55569
48 38 54 24 74 62 #UTIL: 60138
48 54 24 74 62 #UTIL: 81828
48 21 24 62 #UTIL: 52123
48 21 54 24 62 #UTIL: 56739
48 38 24 62 #UTIL: 50888
48 38 54 24 62 #UTIL: 55457
48 54 24 62 #UTIL: 74939
48 42 62 #UTIL: 121594
48 42 44 62 #UTIL: 112330
48 42 44 62 46 #UTIL: 100400
48 42 74 44 62 46 #UTIL: 80811
48 21 42 74 44 62 46 #UTIL: 58222
48 38 42 74 44 62 46 #UTIL: 62104
48 38 54 42 74 44 62 46 #UTIL: 52909
48 54 42 74 44 62 46 #UTIL: 69408
48 21 42 44 62 46 #UTIL: 72398
48 21 38 42 44 62 46 #UTIL: 51796
48 21 54 42 44 62 46 #UTIL: 53502
48 38 42 44 62 46 #UTIL: 76741
48 38 54 42 44 62 46 #UTIL: 56746
48 54 42 44 62 46 #UTIL: 74577
48 42 44 13 62 46 #UTIL: 52352
48 42 44 62 46 14 #UTIL: 57211
48 51 42 44 62 #UTIL: 54102
48 42 74 44 62 #UTIL: 90490
48 21 42 74 44 62 #UTIL: 70652
48 21 38 42 74 44 62 #UTIL: 55460
48 21 54 42 74 44 62 #UTIL: 58797
48 38 42 74 44 62 #UTIL: 73714
48 38 54 42 74 44 62 #UTIL: 62226
48 54 42 74 44 62 #UTIL: 76971
48 21 42 44 62 #UTIL: 88037
48 21 38 42 44 62 #UTIL: 69070
48 21 54 42 44 62 #UTIL: 63031
48 21 42 44 62 14 #UTIL: 52560
48 38 42 44 62 #UTIL: 91386
48 38 54 42 44 62 #UTIL: 66135
48 38 42 44 28 62 #UTIL: 52710
48 38 42 44 62 14 #UTIL: 50509
48 54 42 44 62 #UTIL: 81856
48 42 44 12 62 #UTIL: 54987
48 42 44 28 62 #UTIL: 51027
48 42 44 13 62 #UTIL: 60340
48 42 44 62 14 #UTIL: 63266
48 20 42 44 62 #UTIL: 50977
48 42 62 46 #UTIL: 109743
48 51 42 62 46 #UTIL: 54107
48 42 74 62 46 #UTIL: 85595
48 21 42 74 62 46 #UTIL: 61122
48 38 42 74 62 46 #UTIL: 64855
48 38 54 42 74 62 46 #UTIL: 54501
48 54 42 74 62 46 #UTIL: 72173
48 21 42 62 46 #UTIL: 76418
48 21 38 42 62 46 #UTIL: 51906
48 21 54 42 62 46 #UTIL: 54571
48 38 42 62 46 #UTIL: 81321
48 38 54 42 62 46 #UTIL: 57946
48 54 42 62 46 #UTIL: 77573
48 42 12 62 46 #UTIL: 50409
48 42 13 62 46 #UTIL: 57910
48 42 62 46 14 #UTIL: 62802
48 51 42 62 #UTIL: 58509
48 42 74 62 #UTIL: 95192
48 21 42 74 62 #UTIL: 74304
48 21 38 42 74 62 #UTIL: 56701
48 21 54 42 74 62 #UTIL: 59765
48 38 42 74 62 #UTIL: 76458
48 38 54 42 74 62 #UTIL: 63896
48 54 42 74 62 #UTIL: 79348
48 42 74 13 62 #UTIL: 52355
48 42 74 62 14 #UTIL: 52465
48 21 42 62 #UTIL: 93506
48 21 38 42 62 #UTIL: 70025
48 21 54 42 62 #UTIL: 64675
48 21 42 62 14 #UTIL: 55397
48 38 42 62 #UTIL: 95675
48 38 54 42 62 #UTIL: 67510
48 38 42 28 62 #UTIL: 54951
48 38 42 13 62 #UTIL: 52134
48 38 42 62 14 #UTIL: 53183
48 54 42 62 #UTIL: 84706
48 42 12 62 #UTIL: 57445
48 55 42 62 #UTIL: 55239
48 42 28 62 #UTIL: 52486
48 42 13 62 #UTIL: 66521
48 42 62 14 #UTIL: 68541
48 20 42 62 #UTIL: 51978
48 44 62 #UTIL: 116732
48 44 62 46 #UTIL: 104556
48 51 44 62 46 #UTIL: 51353
48 74 44 62 46 #UTIL: 88594
48 21 74 44 62 46 #UTIL: 63685
48 21 54 74 44 62 46 #UTIL: 56462
48 38 74 44 62 46 #UTIL: 66600
48 38 54 74 44 62 46 #UTIL: 59242
48 54 74 44 62 46 #UTIL: 79962
48 21 44 62 46 #UTIL: 75575
48 21 38 44 62 46 #UTIL: 53405
48 21 54 44 62 46 #UTIL: 59364
48 38 44 62 46 #UTIL: 78827
48 38 54 44 62 46 #UTIL: 61641
48 54 44 62 46 #UTIL: 82920
48 44 13 62 46 #UTIL: 56503
48 44 62 46 14 #UTIL: 58542
48 51 44 62 #UTIL: 55894
48 74 44 62 #UTIL: 99624
48 21 74 44 62 #UTIL: 77997
48 21 38 74 44 62 #UTIL: 59990
48 21 38 54 74 44 62 #UTIL: 51737
48 21 54 74 44 62 #UTIL: 68757
48 38 74 44 62 #UTIL: 79470
48 38 54 74 44 62 #UTIL: 70473
48 54 74 44 62 #UTIL: 89733
48 54 74 44 13 62 #UTIL: 52064
48 74 44 13 62 #UTIL: 56337
48 74 44 62 14 #UTIL: 53414
48 21 44 62 #UTIL: 92088
48 21 38 44 62 #UTIL: 71329
48 21 38 54 44 62 #UTIL: 53424
48 21 54 44 62 #UTIL: 71044
48 21 44 62 14 #UTIL: 54480
48 38 44 62 #UTIL: 93825
48 38 54 44 62 #UTIL: 72482
48 38 44 13 62 #UTIL: 51868
48 38 44 62 14 #UTIL: 51484
48 54 44 62 #UTIL: 91801
48 54 44 13 62 #UTIL: 52561
48 44 12 62 #UTIL: 54073
48 44 13 62 #UTIL: 65098
48 44 62 14 #UTIL: 64662
48 20 44 62 #UTIL: 53944
48 62 46 #UTIL: 113765
48 51 62 46 #UTIL: 55699
48 74 62 46 #UTIL: 94321
48 21 74 62 46 #UTIL: 66130
48 21 54 74 62 46 #UTIL: 57149
48 38 74 62 46 #UTIL: 69169
48 38 54 74 62 46 #UTIL: 60994
48 54 74 62 46 #UTIL: 84377
48 74 13 62 46 #UTIL: 52489
48 74 62 46 14 #UTIL: 51366
48 21 62 46 #UTIL: 78751
48 21 38 62 46 #UTIL: 52720
48 21 54 62 46 #UTIL: 60165
48 38 62 46 #UTIL: 82753
48 38 54 62 46 #UTIL: 62831
48 54 62 46 #UTIL: 87078
48 13 62 46 #UTIL: 62531
48 62 46 14 #UTIL: 63854
48 51 62 #UTIL: 60828
48 74 62 #UTIL: 106628
48 21 74 62 #UTIL: 83089
48 21 38 74 62 #UTIL: 61215
48 21 38 54 74 62 #UTIL: 52086
48 21 54 74 62 #UTIL: 71943
48 38 74 62 #UTIL: 82495
48 38 54 74 62 #UTIL: 72920
48 54 74 62 #UTIL: 95518
48 54 74 13 62 #UTIL: 56999
48 74 13 62 #UTIL: 62083
48 74 62 14 #UTIL: 56545
48 21 62 #UTIL: 98150
48 21 38 62 #UTIL: 72018
48 21 38 54 62 #UTIL: 53538
48 21 54 62 #UTIL: 74386
48 21 13 62 #UTIL: 51995
48 21 62 14 #UTIL: 56996
48 38 62 #UTIL: 97751
48 38 54 62 #UTIL: 74333
48 38 28 62 #UTIL: 50692
48 38 13 62 #UTIL: 54957
48 38 62 14 #UTIL: 53778
48 54 62 #UTIL: 97243
48 54 13 62 #UTIL: 57476
48 54 62 14 #UTIL: 50703
48 12 62 #UTIL: 57239
48 55 62 #UTIL: 50231
48 13 62 #UTIL: 72895
48 62 14 #UTIL: 69708
48 20 62 #UTIL: 56145
52 62 #UTIL: 116411
52 25 62 #UTIL: 118710
52 24 25 62 #UTIL: 67204
52 24 25 42 62 #UTIL: 52292
52 24 25 42 44 62 #UTIL: 51347
52 24 25 42 74 44 62 46 #UTIL: 50499
52 54 24 25 42 74 44 62 46 #UTIL: 54037
52 54 24 25 42 44 62 46 #UTIL: 50322
52 24 25 42 74 44 62 #UTIL: 55750
52 54 24 25 42 74 44 62 #UTIL: 59970
52 54 24 25 42 44 62 #UTIL: 55567
52 24 25 42 74 62 46 #UTIL: 51822
52 54 24 25 42 74 62 46 #UTIL: 55733
52 54 24 25 42 62 46 #UTIL: 51637
52 24 25 42 74 62 #UTIL: 57180
52 54 24 25 42 74 62 #UTIL: 61872
52 54 24 25 42 62 #UTIL: 56984
52 24 25 44 62 #UTIL: 62779
52 24 25 44 62 46 #UTIL: 56115
52 24 25 74 44 62 46 #UTIL: 60916
52 54 24 25 74 44 62 46 #UTIL: 65536
52 54 24 25 44 62 46 #UTIL: 60735
52 24 25 74 44 62 #UTIL: 68643
52 21 24 25 74 44 62 #UTIL: 51520
52 21 54 24 25 74 44 62 #UTIL: 55471
52 38 24 25 74 44 62 #UTIL: 53927
52 38 54 24 25 74 44 62 #UTIL: 57999
52 54 24 25 74 44 62 #UTIL: 74300
52 21 54 24 25 44 62 #UTIL: 51365
52 38 54 24 25 44 62 #UTIL: 53750
52 54 24 25 44 62 #UTIL: 68436
52 24 25 62 46 #UTIL: 59220
52 24 25 74 62 46 #UTIL: 64696
52 54 24 25 74 62 46 #UTIL: 69975
52 54 24 25 62 46 #UTIL: 64499
52 24 25 74 62 #UTIL: 74071
52 21 24 25 74 62 #UTIL: 54590
52 21 54 24 25 74 62 #UTIL: 59127
52 38 24 25 74 62 #UTIL: 55658
52 38 54 24 25 74 62 #UTIL: 60238
52 54 24 25 74 62 #UTIL: 80724
52 21 54 24 25 62 #UTIL: 54445
52 38 24 25 62 #UTIL: 50907
52 38 54 24 25 62 #UTIL: 55487
52 54 24 25 62 #UTIL: 73857
52 25 42 62 #UTIL: 112815
52 25 42 44 62 #UTIL: 106266
52 25 42 44 62 46 #UTIL: 95918
52 25 42 74 44 62 46 #UTIL: 79141
52 21 25 42 74 44 62 46 #UTIL: 55990
52 38 25 42 74 44 62 46 #UTIL: 63605
52 38 54 25 42 74 44 62 46 #UTIL: 54416
52 54 25 42 74 44 62 46 #UTIL: 68200
52 21 25 42 44 62 46 #UTIL: 68275
52 21 38 25 42 44 62 46 #UTIL: 50641
52 21 54 25 42 44 62 46 #UTIL: 50289
52 38 25 42 44 62 46 #UTIL: 75877
52 38 54 25 42 44 62 46 #UTIL: 57225
52 54 25 42 44 62 46 #UTIL: 72176
52 25 42 44 62 46 14 #UTIL: 55419
51 52 25 42 44 62 #UTIL: 50814
52 25 42 74 44 62 #UTIL: 87876
52 21 25 42 74 44 62 #UTIL: 67211
52 21 38 25 42 74 44 62 #UTIL: 54385
52 21 54 25 42 74 44 62 #UTIL: 55629
52 38 25 42 74 44 62 #UTIL: 74041
52 38 54 25 42 74 44 62 #UTIL: 62702
52 54 25 42 74 44 62 #UTIL: 74864
52 21 25 42 44 62 #UTIL: 81984
52 21 38 25 42 44 62 #UTIL: 65857
52 21 54 25 42 44 62 #UTIL: 58536
52 38 25 42 44 62 #UTIL: 88721
52 38 54 25 42 44 62 #UTIL: 65402
52 38 25 42 44 28 62 #UTIL: 52992
52 54 25 42 44 62 #UTIL: 78360
52 25 42 44 12 62 #UTIL: 54389
52 25 42 44 28 62 #UTIL: 51314
52 25 42 44 13 62 #UTIL: 56396
52 25 42 44 62 14 #UTIL: 60761
52 20 25 42 44 62 #UTIL: 50003
52 25 42 62 46 #UTIL: 103075
51 52 25 42 62 46 #UTIL: 50967
52 25 42 74 62 46 #UTIL: 82697
52 21 25 42 74 62 46 #UTIL: 57783
52 38 25 42 74 62 46 #UTIL: 65442
52 38 54 25 42 74 62 46 #UTIL: 55719
52 54 25 42 74 62 46 #UTIL: 70815
52 21 25 42 62 46 #UTIL: 71337
52 21 54 25 42 62 46 #UTIL: 51214
52 38 25 42 62 46 #UTIL: 78994
52 38 54 25 42 62 46 #UTIL: 58040
52 54 25 42 62 46 #UTIL: 74787
52 25 42 13 62 46 #UTIL: 53068
52 25 42 62 46 14 #UTIL: 60564
51 52 25 42 62 #UTIL: 54581
52 25 42 74 62 #UTIL: 91001
52 21 25 42 74 62 #UTIL: 69355
52 21 38 25 42 74 62 #UTIL: 54290
52 21 54 25 42 74 62 #UTIL: 56379
52 38 25 42 74 62 #UTIL: 75528
52 38 54 25 42 74 62 #UTIL: 63949
52 54 25 42 74 62 #UTIL: 77007
52 25 42 74 62 14 #UTIL: 50907
52 21 25 42 62 #UTIL: 85805
52 21 38 25 42 62 #UTIL: 65392
52 21 54 25 42 62 #UTIL: 59705
52 21 25 42 62 14 #UTIL: 52084
52 38 25 42 62 #UTIL: 91023
52 38 54 25 42 62 #UTIL: 66126
52 38 25 42 28 62 #UTIL: 54272
52 38 25 42 62 14 #UTIL: 51339
52 54 25 42 62 #UTIL: 80514
52 25 42 12 62 #UTIL: 56726
52 25 42 28 62 #UTIL: 51907
52 25 42 13 62 #UTIL: 60053
52 25 42 62 14 #UTIL: 65544
52 25 44 62 #UTIL: 110958
52 25 44 62 46 #UTIL: 100142
52 25 74 44 62 46 #UTIL: 86796
52 21 25 74 44 62 46 #UTIL: 60982
52 21 54 25 74 44 62 46 #UTIL: 53789
52 38 25 74 44 62 46 #UTIL: 68245
52 38 54 25 74 44 62 46 #UTIL: 60816
52 54 25 74 44 62 46 #UTIL: 78511
52 21 25 44 62 46 #UTIL: 71127
52 21 38 25 44 62 46 #UTIL: 52117
52 21 54 25 44 62 46 #UTIL: 55702
52 38 25 44 62 46 #UTIL: 78236
52 38 54 25 44 62 46 #UTIL: 62274
52 54 25 44 62 46 #UTIL: 80393
52 25 44 13 62 46 #UTIL: 53978
52 25 44 62 46 14 #UTIL: 56427
51 52 25 44 62 #UTIL: 52430
52 25 74 44 62 #UTIL: 96989
52 21 25 74 44 62 #UTIL: 74217
52 21 38 25 74 44 62 #UTIL: 58621
52 21 38 54 25 74 44 62 #UTIL: 50402
52 21 54 25 74 44 62 #UTIL: 65114
52 38 25 74 44 62 #UTIL: 79848
52 38 54 25 74 44 62 #UTIL: 70874
52 54 25 74 44 62 #UTIL: 87431
52 54 25 74 44 13 62 #UTIL: 51038
52 25 74 44 13 62 #UTIL: 55164
52 25 74 44 62 14 #UTIL: 51766
52 21 25 44 62 #UTIL: 85957
52 21 38 25 44 62 #UTIL: 68018
52 21 38 54 25 44 62 #UTIL: 51053
52 21 54 25 44 62 #UTIL: 66200
52 21 25 44 62 14 #UTIL: 51123
52 38 25 44 62 #UTIL: 91443
52 38 54 25 44 62 #UTIL: 71788
52 38 25 44 13 62 #UTIL: 50874
52 54 25 44 62 #UTIL: 88254
52 54 25 44 13 62 #UTIL: 50772
52 25 44 12 62 #UTIL: 53523
52 25 44 13 62 #UTIL: 61738
52 25 44 62 14 #UTIL: 61829
52 20 25 44 62 #UTIL: 53064
52 25 62 46 #UTIL: 107685
51 52 25 62 46 #UTIL: 52440
52 25 74 62 46 #UTIL: 91715
52 21 25 74 62 46 #UTIL: 62659
52 21 54 25 74 62 46 #UTIL: 54589
52 38 25 74 62 46 #UTIL: 70016
52 38 54 25 74 62 46 #UTIL: 62328
52 54 25 74 62 46 #UTIL: 83085
52 25 74 13 62 46 #UTIL: 50779
52 25 74 62 46 14 #UTIL: 50258
52 21 25 62 46 #UTIL: 73693
52 21 38 25 62 46 #UTIL: 50723
52 21 54 25 62 46 #UTIL: 56612
52 38 25 62 46 #UTIL: 80881
52 38 54 25 62 46 #UTIL: 63151
52 54 25 62 46 #UTIL: 84503
52 25 13 62 46 #UTIL: 58159
52 25 62 46 14 #UTIL: 61695
51 52 25 62 #UTIL: 57087
52 25 74 62 #UTIL: 102716
52 21 25 74 62 #UTIL: 78018
52 21 38 25 74 62 #UTIL: 58586
52 21 38 54 25 74 62 #UTIL: 50222
52 21 54 25 74 62 #UTIL: 68177
52 38 25 74 62 #UTIL: 81718
52 38 54 25 74 62 #UTIL: 72910
52 54 25 74 62 #UTIL: 93136
52 54 25 74 13 62 #UTIL: 55517
52 25 74 13 62 #UTIL: 59434
52 25 74 62 14 #UTIL: 54906
52 21 25 62 #UTIL: 90633
52 21 38 25 62 #UTIL: 67387
52 21 38 54 25 62 #UTIL: 50548
52 21 54 25 62 #UTIL: 69181
52 21 25 62 14 #UTIL: 53334
52 38 25 62 #UTIL: 93574
52 38 54 25 62 #UTIL: 73035
52 38 25 28 62 #UTIL: 50183
52 38 25 13 62 #UTIL: 52349
52 38 25 62 14 #UTIL: 51820
52 54 25 62 #UTIL: 93200
52 54 25 13 62 #UTIL: 54896
52 25 12 62 #UTIL: 56437
52 25 13 62 #UTIL: 67022
52 25 62 14 #UTIL: 66799
52 20 25 62 #UTIL: 54220
52 24 62 #UTIL: 65164
52 24 42 62 #UTIL: 51110
52 24 42 44 62 #UTIL: 50602
52 24 42 74 44 62 46 #UTIL: 50165
52 54 24 42 74 44 62 46 #UTIL: 53964
52 54 24 42 44 62 46 #UTIL: 50027
52 24 42 74 44 62 #UTIL: 55292
52 54 24 42 74 44 62 #UTIL: 59845
52 54 24 42 44 62 #UTIL: 55155
52 24 42 74 62 46 #UTIL: 51280
52 54 24 42 74 62 46 #UTIL: 55496
52 54 24 42 62 46 #UTIL: 51137
52 24 42 74 62 #UTIL: 56326
52 54 24 42 74 62 #UTIL: 61395
52 54 24 42 62 #UTIL: 56179
52 24 44 62 #UTIL: 61817
52 24 44 62 46 #UTIL: 55304
52 24 74 44 62 46 #UTIL: 60447
52 54 24 74 44 62 46 #UTIL: 65417
52 54 24 44 62 46 #UTIL: 60274
52 24 74 44 62 #UTIL: 68126
52 21 24 74 44 62 #UTIL: 52052
52 21 54 24 74 44 62 #UTIL: 56377
52 38 24 74 44 62 #UTIL: 53874
52 38 54 24 74 44 62 #UTIL: 58271
52 54 24 74 44 62 #UTIL: 74252
52 21 54 24 44 62 #UTIL: 51927
52 38 54 24 44 62 #UTIL: 53698
52 54 24 44 62 #UTIL: 67943
52 24 62 46 #UTIL: 57768
52 24 74 62 46 #UTIL: 63637
52 54 24 74 62 46 #UTIL: 69313
52 54 24 62 46 #UTIL: 63444
52 24 74 62 #UTIL: 72527
52 21 24 74 62 #UTIL: 54236
52 21 54 24 74 62 #UTIL: 59147
52 38 24 74 62 #UTIL: 55158
52 38 54 24 74 62 #UTIL: 60104
52 54 24 74 62 #UTIL: 79696
52 21 54 24 62 #UTIL: 54121
52 38 24 62 #UTIL: 50042
52 38 54 24 62 #UTIL: 54988
52 54 24 62 #UTIL: 72333
52 42 62 #UTIL: 112935
52 42 44 62 #UTIL: 106478
52 42 44 62 46 #UTIL: 96268
52 42 74 44 62 46 #UTIL: 79797
52 21 42 74 44 62 46 #UTIL: 56849
52 38 42 74 44 62 46 #UTIL: 64874
52 38 54 42 74 44 62 46 #UTIL: 55422
52 54 42 74 44 62 46 #UTIL: 69032
52 21 42 44 62 46 #UTIL: 69105
52 21 38 42 44 62 46 #UTIL: 52014
52 21 54 42 44 62 46 #UTIL: 51261
52 38 42 44 62 46 #UTIL: 77129
52 38 54 42 44 62 46 #UTIL: 58259
52 54 42 44 62 46 #UTIL: 72853
52 42 44 13 62 46 #UTIL: 52199
52 42 44 62 46 14 #UTIL: 53873
51 52 42 44 62 #UTIL: 50292
52 42 74 44 62 #UTIL: 88419
52 21 42 74 44 62 #UTIL: 68527
52 21 38 42 74 44 62 #UTIL: 56119
52 21 54 42 74 44 62 #UTIL: 56937
52 38 42 74 44 62 #UTIL: 75355
52 38 54 42 74 44 62 #UTIL: 63826
52 54 42 74 44 62 #UTIL: 75725
52 42 74 44 13 62 #UTIL: 50030
52 21 42 44 62 #UTIL: 83477
52 21 38 42 44 62 #UTIL: 68066
52 21 54 42 44 62 #UTIL: 59910
52 38 42 44 62 #UTIL: 90109
52 38 54 42 44 62 #UTIL: 66496
52 38 42 44 28 62 #UTIL: 54441
52 38 42 44 13 62 #UTIL: 50602
52 54 42 44 62 #UTIL: 78928
52 42 44 12 62 #UTIL: 50155
52 42 44 28 62 #UTIL: 52083
52 42 44 13 62 #UTIL: 59560
52 42 44 62 14 #UTIL: 58950
52 42 62 46 #UTIL: 103532
51 52 42 62 46 #UTIL: 50298
52 42 74 62 46 #UTIL: 83719
52 21 42 74 62 46 #UTIL: 59017
52 38 42 74 62 46 #UTIL: 67185
52 38 54 42 74 62 46 #UTIL: 56868
52 54 42 74 62 46 #UTIL: 71589
52 21 42 62 46 #UTIL: 72078
52 21 38 42 62 46 #UTIL: 51545
52 21 54 42 62 46 #UTIL: 51957
52 38 42 62 46 #UTIL: 80598
52 38 54 42 62 46 #UTIL: 59135
52 54 42 62 46 #UTIL: 75270
52 42 13 62 46 #UTIL: 56430
52 42 62 46 14 #UTIL: 58757
51 52 42 62 #UTIL: 53554
52 42 74 62 #UTIL: 91839
52 21 42 74 62 #UTIL: 71085
52 21 38 42 74 62 #UTIL: 56560
52 21 54 42 74 62 #UTIL: 57447
52 38 42 74 62 #UTIL: 77290
52 38 54 42 74 62 #UTIL: 65063
52 54 42 74 62 #UTIL: 77607
52 42 74 13 62 #UTIL: 52428
52 21 42 62 #UTIL: 87229
52 21 38 42 62 #UTIL: 67892
52 21 54 42 62 #UTIL: 60792
52 21 42 62 14 #UTIL: 50968
52 38 42 62 #UTIL: 92679
52 38 54 42 62 #UTIL: 67150
52 38 42 28 62 #UTIL: 56077
52 38 42 13 62 #UTIL: 52235
52 38 42 62 14 #UTIL: 50876
52 54 42 62 #UTIL: 80752
52 42 12 62 #UTIL: 51867
52 55 42 62 #UTIL: 51526
52 42 28 62 #UTIL: 52904
52 42 13 62 #UTIL: 63803
52 42 62 14 #UTIL: 63401
52 44 62 #UTIL: 109816
52 44 62 46 #UTIL: 99538
52 74 44 62 46 #UTIL: 86876
52 21 74 44 62 46 #UTIL: 61806
52 21 54 74 44 62 46 #UTIL: 54840
52 38 74 44 62 46 #UTIL: 69295
52 38 54 74 44 62 46 #UTIL: 61846
52 54 74 44 62 46 #UTIL: 79086
52 21 44 62 46 #UTIL: 71643
52 21 38 44 62 46 #UTIL: 53340
52 21 54 44 62 46 #UTIL: 56677
52 38 44 62 46 #UTIL: 78999
52 38 54 44 62 46 #UTIL: 63153
52 54 44 62 46 #UTIL: 80563
52 44 13 62 46 #UTIL: 56270
52 44 62 46 14 #UTIL: 54502
51 52 44 62 #UTIL: 51736
52 74 44 62 #UTIL: 96723
52 21 74 44 62 #UTIL: 75391
52 21 38 74 44 62 #UTIL: 60412
52 21 38 54 74 44 62 #UTIL: 52083
52 21 54 74 44 62 #UTIL: 66632
52 38 74 44 62 #UTIL: 80848
52 38 54 74 44 62 #UTIL: 72029
52 54 74 44 62 #UTIL: 87916
52 54 74 44 13 62 #UTIL: 53475
52 74 44 13 62 #UTIL: 57434
52 74 44 62 14 #UTIL: 50252
52 21 44 62 #UTIL: 86862
52 21 38 44 62 #UTIL: 69946
52 21 38 54 44 62 #UTIL: 52756
52 21 54 44 62 #UTIL: 67515
52 38 44 62 #UTIL: 92094
52 38 54 44 62 #UTIL: 72667
52 38 44 28 62 #UTIL: 50445
52 38 44 13 62 #UTIL: 53498
52 54 44 62 #UTIL: 88127
52 54 44 13 62 #UTIL: 52915
52 44 13 62 #UTIL: 64260
52 44 62 14 #UTIL: 59474
52 20 44 62 #UTIL: 51893
52 62 46 #UTIL: 106503
51 52 62 46 #UTIL: 51516
52 74 62 46 #UTIL: 91586
52 21 74 62 46 #UTIL: 63522
52 21 54 74 62 46 #UTIL: 55301
52 38 74 62 46 #UTIL: 71353
52 38 54 74 62 46 #UTIL: 63384
52 54 74 62 46 #UTIL: 83141
52 74 13 62 46 #UTIL: 52930
52 21 62 46 #UTIL: 73775
52 21 38 62 46 #UTIL: 52033
52 21 54 62 46 #UTIL: 57108
52 38 62 46 #UTIL: 81733
52 38 54 62 46 #UTIL: 63941
52 54 62 46 #UTIL: 83980
52 13 62 46 #UTIL: 60645
52 62 46 14 #UTIL: 59270
51 52 62 #UTIL: 55592
52 74 62 #UTIL: 101826
52 21 74 62 #UTIL: 78933
52 21 38 74 62 #UTIL: 60612
52 21 38 54 74 62 #UTIL: 51688
52 21 54 74 62 #UTIL: 68904
52 38 74 62 #UTIL: 82806
52 38 54 74 62 #UTIL: 73788
52 54 74 62 #UTIL: 92590
52 54 74 13 62 #UTIL: 57436
52 74 13 62 #UTIL: 61600
52 74 62 14 #UTIL: 53109
52 21 62 #UTIL: 90751
52 21 38 62 #UTIL: 69281
52 21 38 54 62 #UTIL: 51962
52 21 54 62 #UTIL: 69639
52 21 13 62 #UTIL: 50629
52 21 62 14 #UTIL: 51609
52 38 62 #UTIL: 94033
52 38 54 62 #UTIL: 73532
52 38 28 62 #UTIL: 51513
52 38 13 62 #UTIL: 55050
52 38 62 14 #UTIL: 50867
52 54 62 #UTIL: 91917
52 54 13 62 #UTIL: 56540
52 12 62 #UTIL: 51079
52 13 62 #UTIL: 69416
52 62 14 #UTIL: 63772
52 20 62 #UTIL: 52621
34 62 #UTIL: 111860
34 25 62 #UTIL: 113953
34 24 25 62 #UTIL: 64246
34 24 25 42 62 #UTIL: 50723
34 54 24 25 42 74 44 62 46 #UTIL: 51603
34 24 25 42 74 44 62 #UTIL: 53760
34 54 24 25 42 74 44 62 #UTIL: 57789
34 54 24 25 42 44 62 #UTIL: 53569
34 54 24 25 42 74 62 46 #UTIL: 53453
34 24 25 42 74 62 #UTIL: 55428
34 54 24 25 42 74 62 #UTIL: 59929
34 54 24 25 42 62 #UTIL: 55224
34 24 25 44 62 #UTIL: 60111
34 24 25 44 62 46 #UTIL: 53151
34 24 25 74 44 62 46 #UTIL: 57658
34 54 24 25 74 44 62 46 #UTIL: 62001
34 54 24 25 44 62 46 #UTIL: 57494
34 24 25 74 44 62 #UTIL: 65681
34 21 54 24 25 74 44 62 #UTIL: 53531
34 38 24 25 74 44 62 #UTIL: 52115
34 38 54 24 25 74 44 62 #UTIL: 56008
34 54 24 25 74 44 62 #UTIL: 71061
34 38 54 24 25 44 62 #UTIL: 51955
34 54 24 25 44 62 #UTIL: 65491
34 24 25 62 46 #UTIL: 56135
34 24 25 74 62 46 #UTIL: 61312
34 54 24 25 74 62 46 #UTIL: 66312
34 54 24 25 62 46 #UTIL: 61135
34 24 25 74 62 #UTIL: 70793
34 21 24 25 74 62 #UTIL: 52507
34 21 54 24 25 74 62 #UTIL: 56855
34 38 24 25 74 62 #UTIL: 54070
34 38 54 24 25 74 62 #UTIL: 58471
34 54 24 25 74 62 #UTIL: 77141
34 21 54 24 25 62 #UTIL: 52385
34 38 54 24 25 62 #UTIL: 53916
34 54 24 25 62 #UTIL: 70594
34 25 42 62 #UTIL: 109410
34 25 42 44 62 #UTIL: 102107
34 25 42 44 62 46 #UTIL: 91489
34 25 42 74 44 62 46 #UTIL: 75924
34 21 25 42 74 44 62 46 #UTIL: 53532
34 38 25 42 74 44 62 46 #UTIL: 61099
34 38 54 25 42 74 44 62 46 #UTIL: 52443
34 54 25 42 74 44 62 46 #UTIL: 65839
34 21 25 42 44 62 46 #UTIL: 64820
34 38 25 42 44 62 46 #UTIL: 72812
34 38 54 25 42 44 62 46 #UTIL: 55401
34 54 25 42 44 62 46 #UTIL: 69709
34 25 42 44 62 46 14 #UTIL: 51824
34 25 42 74 44 62 #UTIL: 84956
34 21 25 42 74 44 62 #UTIL: 65020
34 21 38 25 42 74 44 62 #UTIL: 53195
34 21 54 25 42 74 44 62 #UTIL: 54569
34 38 25 42 74 44 62 #UTIL: 71947
34 38 54 25 42 74 44 62 #UTIL: 61168
34 54 25 42 74 44 62 #UTIL: 72933
34 21 25 42 44 62 #UTIL: 78699
34 21 38 25 42 44 62 #UTIL: 64187
34 21 54 25 42 44 62 #UTIL: 57352
34 38 25 42 44 62 #UTIL: 86140
34 38 54 25 42 44 62 #UTIL: 63906
34 38 25 42 44 28 62 #UTIL: 51887
34 54 25 42 44 62 #UTIL: 76150
34 25 42 44 12 62 #UTIL: 52818
34 25 42 44 28 62 #UTIL: 50074
34 25 42 44 13 62 #UTIL: 55111
34 25 42 44 62 14 #UTIL: 57341
34 25 42 62 46 #UTIL: 99510
34 25 42 74 62 46 #UTIL: 79887
34 21 25 42 74 62 46 #UTIL: 55548
34 38 25 42 74 62 46 #UTIL: 63309
34 38 54 25 42 74 62 46 #UTIL: 54115
34 54 25 42 74 62 46 #UTIL: 68711
34 21 25 42 62 46 #UTIL: 68257
34 38 25 42 62 46 #UTIL: 76466
34 38 54 25 42 62 46 #UTIL: 56630
34 54 25 42 62 46 #UTIL: 72735
34 25 42 13 62 46 #UTIL: 52298
34 25 42 62 46 14 #UTIL: 57259
34 51 25 42 62 #UTIL: 51894
34 25 42 74 62 #UTIL: 88500
34 21 25 42 74 62 #UTIL: 67389
34 21 38 25 42 74 62 #UTIL: 53370
34 21 54 25 42 74 62 #UTIL: 55510
34 38 25 42 74 62 #UTIL: 73951
34 38 54 25 42 74 62 #UTIL: 62916
34 54 25 42 74 62 #UTIL: 75465
34 21 25 42 62 #UTIL: 82745
34 21 38 25 42 62 #UTIL: 63990
34 21 54 25 42 62 #UTIL: 58938
34 38 25 42 62 #UTIL: 89178
34 38 54 25 42 62 #UTIL: 65250
34 38 25 42 28 62 #UTIL: 53382
34 54 25 42 62 #UTIL: 78929
34 25 42 12 62 #UTIL: 55362
34 25 42 28 62 #UTIL: 50897
34 25 42 13 62 #UTIL: 59347
34 25 42 62 14 #UTIL: 62281
34 25 44 62 #UTIL: 105911
34 25 44 62 46 #UTIL: 94635
34 25 74 44 62 46 #UTIL: 82260
34 21 25 74 44 62 46 #UTIL: 57905
34 21 54 25 74 44 62 46 #UTIL: 51543
34 38 25 74 44 62 46 #UTIL: 64633
34 38 54 25 74 44 62 46 #UTIL: 57571
34 54 25 74 44 62 46 #UTIL: 74608
34 21 25 44 62 46 #UTIL: 67185
34 21 54 25 44 62 46 #UTIL: 53530
34 38 25 44 62 46 #UTIL: 74248
34 38 54 25 44 62 46 #UTIL: 59301
34 54 25 44 62 46 #UTIL: 76544
34 25 44 13 62 46 #UTIL: 51697
34 25 44 62 46 14 #UTIL: 52543
34 25 74 44 62 #UTIL: 92907
34 21 25 74 44 62 #UTIL: 71526
34 21 38 25 74 44 62 #UTIL: 56883
34 21 54 25 74 44 62 #UTIL: 63435
34 38 25 74 44 62 #UTIL: 76728
34 38 54 25 74 44 62 #UTIL: 68148
34 54 25 74 44 62 #UTIL: 84115
34 25 74 44 13 62 #UTIL: 52975
34 21 25 44 62 #UTIL: 82325
34 21 38 25 44 62 #UTIL: 65905
34 21 38 54 25 44 62 #UTIL: 50058
34 21 54 25 44 62 #UTIL: 64493
34 38 25 44 62 #UTIL: 88038
34 38 54 25 44 62 #UTIL: 69240
34 54 25 44 62 #UTIL: 84847
34 25 44 12 62 #UTIL: 52018
34 25 44 13 62 #UTIL: 59452
34 25 44 62 14 #UTIL: 58368
34 20 25 44 62 #UTIL: 50904
34 25 62 46 #UTIL: 102884
34 25 74 62 46 #UTIL: 87413
34 21 25 74 62 46 #UTIL: 59777
34 21 54 25 74 62 46 #UTIL: 52374
34 38 25 74 62 46 #UTIL: 66751
34 38 54 25 74 62 46 #UTIL: 59426
34 54 25 74 62 46 #UTIL: 79264
34 21 25 62 46 #UTIL: 70108
34 21 54 25 62 46 #UTIL: 54635
34 38 25 62 46 #UTIL: 77414
34 38 54 25 62 46 #UTIL: 60566
34 54 25 62 46 #UTIL: 80899
34 25 13 62 46 #UTIL: 56401
34 25 62 46 14 #UTIL: 57980
34 51 25 62 #UTIL: 53956
34 25 74 62 #UTIL: 98525
34 21 25 74 62 #UTIL: 75103
34 21 38 25 74 62 #UTIL: 57076
34 21 54 25 74 62 #UTIL: 66183
34 38 25 74 62 #UTIL: 78987
34 38 54 25 74 62 #UTIL: 70557
34 54 25 74 62 #UTIL: 89622
34 54 25 74 13 62 #UTIL: 52880
34 25 74 13 62 #UTIL: 57149
34 25 74 62 14 #UTIL: 52385
34 21 25 62 #UTIL: 86836
34 21 38 25 62 #UTIL: 65510
34 21 54 25 62 #UTIL: 67424
34 38 25 62 #UTIL: 90787
34 38 54 25 62 #UTIL: 70979
34 38 25 13 62 #UTIL: 50690
34 38 25 62 14 #UTIL: 50205
34 54 25 62 #UTIL: 89875
34 54 25 13 62 #UTIL: 52533
34 25 12 62 #UTIL: 55183
34 25 13 62 #UTIL: 64998
34 25 62 14 #UTIL: 63280
34 20 25 62 #UTIL: 51746
34 24 62 #UTIL: 62741
34 24 42 62 #UTIL: 50004
34 54 24 42 74 44 62 46 #UTIL: 51978
34 24 42 74 44 62 #UTIL: 53851
34 54 24 42 74 44 62 #UTIL: 58223
34 54 24 42 44 62 #UTIL: 53709
34 54 24 42 74 62 46 #UTIL: 53585
34 24 42 74 62 #UTIL: 55044
34 54 24 42 74 62 #UTIL: 59932
34 54 24 42 62 #UTIL: 54892
34 24 44 62 #UTIL: 59720
34 24 44 62 46 #UTIL: 52884
34 24 74 44 62 46 #UTIL: 57740
34 54 24 74 44 62 46 #UTIL: 62443
34 54 24 44 62 46 #UTIL: 57587
34 24 74 44 62 #UTIL: 65742
34 21 24 74 44 62 #UTIL: 50791
34 21 54 24 74 44 62 #UTIL: 54963
34 38 24 74 44 62 #UTIL: 52478
34 38 54 24 74 44 62 #UTIL: 56696
34 54 24 74 44 62 #UTIL: 71601
34 21 54 24 44 62 #UTIL: 50697
34 38 54 24 44 62 #UTIL: 52319
34 54 24 44 62 #UTIL: 65579
34 24 62 46 #UTIL: 55174
34 24 74 62 46 #UTIL: 60751
34 54 24 74 62 46 #UTIL: 66158
34 54 24 62 46 #UTIL: 60581
34 24 74 62 #UTIL: 69791
34 21 24 74 62 #UTIL: 52679
34 21 54 24 74 62 #UTIL: 57411
34 38 24 74 62 #UTIL: 53932
34 38 54 24 74 62 #UTIL: 58699
34 54 24 74 62 #UTIL: 76665
34 21 54 24 62 #UTIL: 52590
34 38 54 24 62 #UTIL: 53779
34 54 24 62 #UTIL: 69615
34 42 62 #UTIL: 109557
34 42 44 62 #UTIL: 102461
34 42 44 62 46 #UTIL: 91899
34 42 74 44 62 46 #UTIL: 76823
34 21 42 74 44 62 46 #UTIL: 54477
34 38 42 74 44 62 46 #UTIL: 62279
34 38 54 42 74 44 62 46 #UTIL: 53429
34 54 42 74 44 62 46 #UTIL: 66920
34 21 42 44 62 46 #UTIL: 65709
34 38 42 44 62 46 #UTIL: 74051
34 38 54 42 44 62 46 #UTIL: 56438
34 54 42 44 62 46 #UTIL: 70601
34 42 44 13 62 46 #UTIL: 50530
34 42 44 62 46 14 #UTIL: 50647
34 42 74 44 62 #UTIL: 85818
34 21 42 74 44 62 #UTIL: 66498
34 21 38 42 74 44 62 #UTIL: 54802
34 21 54 42 74 44 62 #UTIL: 56117
34 38 42 74 44 62 #UTIL: 73275
34 38 54 42 74 44 62 #UTIL: 62381
34 54 42 74 44 62 #UTIL: 74113
34 21 42 44 62 #UTIL: 80311
34 21 38 42 44 62 #UTIL: 66326
34 21 54 42 44 62 #UTIL: 58893
34 38 42 44 62 #UTIL: 87610
34 38 54 42 44 62 #UTIL: 65088
34 38 42 44 28 62 #UTIL: 53260
34 54 42 44 62 #UTIL: 76999
34 42 44 28 62 #UTIL: 50802
34 42 44 13 62 #UTIL: 57996
34 42 44 62 14 #UTIL: 55929
34 42 62 46 #UTIL: 99990
34 42 74 62 46 #UTIL: 80952
34 21 42 74 62 46 #UTIL: 56752
34 38 42 74 62 46 #UTIL: 64710
34 38 54 42 74 62 46 #UTIL: 55087
34 54 42 74 62 46 #UTIL: 69630
34 21 42 62 46 #UTIL: 68989
34 21 54 42 62 46 #UTIL: 50688
34 38 42 62 46 #UTIL: 77946
34 38 54 42 62 46 #UTIL: 57619
34 54 42 62 46 #UTIL: 73401
34 42 13 62 46 #UTIL: 55270
34 42 62 46 14 #UTIL: 55843
34 51 42 62 #UTIL: 50997
34 42 74 62 #UTIL: 89432
34 21 42 74 62 #UTIL: 69140
34 21 38 42 74 62 #UTIL: 55392
34 21 54 42 74 62 #UTIL: 56702
34 38 42 74 62 #UTIL: 75456
34 38 54 42 74 62 #UTIL: 63938
34 54 42 74 62 #UTIL: 76256
34 42 74 13 62 #UTIL: 51441
34 21 42 62 #UTIL: 84136
34 21 38 42 62 #UTIL: 66327
34 21 54 42 62 #UTIL: 60010
34 38 42 62 #UTIL: 90805
34 38 54 42 62 #UTIL: 66199
34 38 42 28 62 #UTIL: 54997
34 38 42 13 62 #UTIL: 51225
34 54 42 62 #UTIL: 79320
34 42 12 62 #UTIL: 50578
34 42 28 62 #UTIL: 51739
34 42 13 62 #UTIL: 62665
34 42 62 14 #UTIL: 60565
34 44 62 #UTIL: 105014
34 44 62 46 #UTIL: 94292
34 74 44 62 46 #UTIL: 82765
34 21 74 44 62 46 #UTIL: 58956
34 21 54 74 44 62 46 #UTIL: 52898
34 38 74 44 62 46 #UTIL: 65717
34 38 54 74 44 62 46 #UTIL: 58697
34 54 74 44 62 46 #UTIL: 75607
34 21 44 62 46 #UTIL: 67912
34 21 38 44 62 46 #UTIL: 50669
34 21 54 44 62 46 #UTIL: 54750
34 38 44 62 46 #UTIL: 75124
34 38 54 44 62 46 #UTIL: 60302
34 54 44 62 46 #UTIL: 77107
34 44 13 62 46 #UTIL: 53813
34 44 62 46 14 #UTIL: 51032
34 74 44 62 #UTIL: 93044
34 21 74 44 62 #UTIL: 72905
34 21 38 74 44 62 #UTIL: 58593
34 21 38 54 74 44 62 #UTIL: 50861
34 21 54 74 44 62 #UTIL: 65229
34 38 74 44 62 #UTIL: 77815
34 38 54 74 44 62 #UTIL: 69458
34 54 74 44 62 #UTIL: 84996
34 54 74 44 13 62 #UTIL: 51253
34 74 44 13 62 #UTIL: 55330
34 21 44 62 #UTIL: 83403
34 21 38 44 62 #UTIL: 67812
34 21 38 54 44 62 #UTIL: 51723
34 21 54 44 62 #UTIL: 66014
34 38 44 62 #UTIL: 88847
34 38 54 44 62 #UTIL: 70276
34 38 44 13 62 #UTIL: 51448
34 54 44 62 #UTIL: 85081
34 54 44 13 62 #UTIL: 50632
34 44 13 62 #UTIL: 61770
34 44 62 14 #UTIL: 56439
34 62 46 #UTIL: 101945
34 74 62 46 #UTIL: 87528
34 21 74 62 46 #UTIL: 60756
34 21 54 74 62 46 #UTIL: 53303
34 38 74 62 46 #UTIL: 67880
34 38 54 74 62 46 #UTIL: 60432
34 54 74 62 46 #UTIL: 79659
34 74 13 62 46 #UTIL: 50982
34 21 62 46 #UTIL: 70338
34 21 54 62 46 #UTIL: 55295
34 38 62 46 #UTIL: 78279
34 38 54 62 46 #UTIL: 61380
34 54 62 46 #UTIL: 80756
34 13 62 46 #UTIL: 58653
34 62 46 14 #UTIL: 56009
34 51 62 #UTIL: 52532
34 74 62 #UTIL: 97883
34 21 74 62 #UTIL: 76138
34 21 38 74 62 #UTIL: 58905
34 21 38 54 74 62 #UTIL: 50512
34 21 54 74 62 #UTIL: 67126
34 38 74 62 #UTIL: 79902
34 38 54 74 62 #UTIL: 71420
34 54 74 62 #UTIL: 89414
34 54 74 13 62 #UTIL: 54761
34 74 13 62 #UTIL: 59231
34 74 62 14 #UTIL: 50911
34 21 62 #UTIL: 87037
34 21 38 62 #UTIL: 67295
34 21 38 54 62 #UTIL: 51076
34 21 54 62 #UTIL: 67962
34 38 62 #UTIL: 91304
34 38 54 62 #UTIL: 71481
34 38 28 62 #UTIL: 50404
34 38 13 62 #UTIL: 53190
34 54 62 #UTIL: 88895
34 54 13 62 #UTIL: 54009
34 13 62 #UTIL: 67084
34 62 14 #UTIL: 60734
34 20 62 #UTIL: 50120
72 62 #UTIL: 87322
72 25 62 #UTIL: 89325
72 25 42 62 #UTIL: 93014
72 25 42 44 62 #UTIL: 85666
72 25 42 44 62 46 #UTIL: 76873
72 25 42 74 44 62 46 #UTIL: 57672
21 72 25 42 44 62 46 #UTIL: 52710
38 72 25 42 44 62 46 #UTIL: 61279
54 72 25 42 44 62 46 #UTIL: 50969
72 25 42 74 44 62 #UTIL: 64260
38 72 25 42 74 44 62 #UTIL: 55010
21 72 25 42 44 62 #UTIL: 64241
21 38 72 25 42 44 62 #UTIL: 52210
38 72 25 42 44 62 #UTIL: 71868
54 72 25 42 44 62 #UTIL: 55163
72 25 42 44 62 14 #UTIL: 52590
72 25 42 62 46 #UTIL: 84717
72 25 42 74 62 46 #UTIL: 61698
38 72 25 42 74 62 46 #UTIL: 50019
21 72 25 42 62 46 #UTIL: 56119
38 72 25 42 62 46 #UTIL: 65278
54 72 25 42 62 46 #UTIL: 54076
72 25 42 62 46 14 #UTIL: 52210
72 25 42 74 62 #UTIL: 67896
38 72 25 42 74 62 #UTIL: 57168
54 72 25 42 74 62 #UTIL: 51803
21 72 25 42 62 #UTIL: 68367
21 38 72 25 42 62 #UTIL: 52191
38 72 25 42 62 #UTIL: 74844
54 72 25 42 62 #UTIL: 57816
72 25 42 62 14 #UTIL: 57038
72 25 44 62 #UTIL: 82023
72 25 44 62 46 #UTIL: 73255
72 25 74 44 62 46 #UTIL: 56499
21 72 25 44 62 46 #UTIL: 50320
38 72 25 44 62 46 #UTIL: 58179
54 72 25 44 62 46 #UTIL: 50391
72 25 74 44 62 #UTIL: 63791
38 72 25 74 44 62 #UTIL: 53825
54 72 25 74 44 62 #UTIL: 51182
21 72 25 44 62 #UTIL: 62140
21 38 72 25 44 62 #UTIL: 50211
38 72 25 44 62 #UTIL: 68418
54 72 25 44 62 #UTIL: 55560
72 25 44 62 14 #UTIL: 50850
72 25 62 46 #UTIL: 80896
72 25 74 62 46 #UTIL: 61123
21 72 25 62 46 #UTIL: 53206
38 72 25 62 46 #UTIL: 61764
54 72 25 62 46 #UTIL: 54260
72 25 62 46 14 #UTIL: 50187
72 25 74 62 #UTIL: 68442
21 72 25 74 62 #UTIL: 50044
38 72 25 74 62 #UTIL: 55996
54 72 25 74 62 #UTIL: 55283
21 72 25 62 #UTIL: 66158
38 72 25 62 #UTIL: 70971
54 72 25 62 #UTIL: 59438
72 25 62 14 #UTIL: 55090
72 42 62 #UTIL: 92760
72 42 44 62 #UTIL: 85082
72 42 44 62 46 #UTIL: 76682
72 42 74 44 62 46 #UTIL: 57868
21 72 42 44 62 46 #UTIL: 52806
38 72 42 44 62 46 #UTIL: 61785
54 72 42 44 62 46 #UTIL: 51019
72 42 74 44 62 #UTIL: 64251
38 72 42 74 44 62 #UTIL: 55526
21 72 42 44 62 #UTIL: 64584
21 38 72 42 44 62 #UTIL: 53196
38 72 42 44 62 #UTIL: 72235
54 72 42 44 62 #UTIL: 54909
72 42 44 62 14 #UTIL: 50847
72 42 62 46 #UTIL: 84856
72 42 74 62 46 #UTIL: 62575
38 72 42 74 62 46 #UTIL: 51211
21 72 42 62 46 #UTIL: 56353
38 72 42 62 46 #UTIL: 66403
54 72 42 62 46 #UTIL: 54255
72 42 62 46 14 #UTIL: 50765
72 42 74 62 #UTIL: 68630
21 72 42 74 62 #UTIL: 50676
38 72 42 74 62 #UTIL: 58371
54 72 42 74 62 #UTIL: 51827
21 72 42 62 #UTIL: 69062
21 38 72 42 62 #UTIL: 53693
38 72 42 62 #UTIL: 75905
54 72 42 62 #UTIL: 57688
55 72 42 62 #UTIL: 51682
72 42 62 14 #UTIL: 55288
72 44 62 #UTIL: 80283
72 44 62 46 #UTIL: 72226
72 74 44 62 46 #UTIL: 56109
38 72 44 62 46 #UTIL: 58165
72 74 44 62 #UTIL: 63019
38 72 74 44 62 #UTIL: 53919
54 72 74 44 62 #UTIL: 50539
21 72 44 62 #UTIL: 61709
21 38 72 44 62 #UTIL: 50695
38 72 44 62 #UTIL: 68042
54 72 44 62 #UTIL: 54657
72 62 46 #UTIL: 79787
72 74 62 46 #UTIL: 61108
21 72 62 46 #UTIL: 52763
38 72 62 46 #UTIL: 62202
54 72 62 46 #UTIL: 53705
72 74 62 #UTIL: 67960
21 72 74 62 #UTIL: 50437
38 72 74 62 #UTIL: 56612
54 72 74 62 #UTIL: 54514
21 72 62 #UTIL: 65730
21 38 72 62 #UTIL: 50743
38 72 62 #UTIL: 71030
54 72 62 #UTIL: 58300
72 62 14 #UTIL: 52617
68 62 #UTIL: 84357
68 25 62 #UTIL: 85146
68 24 25 74 44 62 #UTIL: 51905
68 54 24 25 74 44 62 #UTIL: 55922
68 54 24 25 44 62 #UTIL: 51790
68 24 25 74 62 #UTIL: 53355
68 21 54 24 25 74 62 #UTIL: 50855
68 54 24 25 74 62 #UTIL: 57829
68 54 24 25 62 #UTIL: 53231
68 25 42 62 #UTIL: 80117
68 25 42 44 62 #UTIL: 76636
68 25 42 44 62 46 #UTIL: 67685
68 25 42 74 44 62 46 #UTIL: 56119
68 21 25 42 44 62 46 #UTIL: 51031
68 38 25 42 44 62 46 #UTIL: 53983
68 54 25 42 44 62 46 #UTIL: 53454
68 25 42 74 44 62 #UTIL: 65739
68 21 25 42 74 44 62 #UTIL: 55395
68 38 25 42 74 44 62 #UTIL: 55160
68 54 25 42 74 44 62 #UTIL: 57989
68 21 25 42 44 62 #UTIL: 62202
68 21 38 25 42 44 62 #UTIL: 51058
68 38 25 42 44 62 #UTIL: 64272
68 38 54 25 42 44 62 #UTIL: 50208
68 54 25 42 44 62 #UTIL: 60052
68 25 42 62 46 #UTIL: 71784
68 25 42 74 62 46 #UTIL: 58268
68 54 25 42 74 62 46 #UTIL: 51242
68 21 25 42 62 46 #UTIL: 52075
68 38 25 42 62 46 #UTIL: 56019
68 54 25 42 62 46 #UTIL: 54937
68 25 42 74 62 #UTIL: 67769
68 21 25 42 74 62 #UTIL: 56406
68 38 25 42 74 62 #UTIL: 56073
68 54 25 42 74 62 #UTIL: 59119
68 21 25 42 62 #UTIL: 63388
68 21 38 25 42 62 #UTIL: 50236
68 38 25 42 62 #UTIL: 65694
68 38 54 25 42 62 #UTIL: 50484
68 54 25 42 62 #UTIL: 61154
68 25 44 62 #UTIL: 81104
68 25 44 62 46 #UTIL: 70766
68 25 74 44 62 46 #UTIL: 61290
68 54 25 74 44 62 46 #UTIL: 56652
68 21 25 44 62 46 #UTIL: 54324
68 38 25 44 62 46 #UTIL: 55399
68 54 25 44 62 46 #UTIL: 58851
68 25 74 44 62 #UTIL: 72854
68 21 25 74 44 62 #UTIL: 62254
68 21 54 25 74 44 62 #UTIL: 57388
68 38 25 74 44 62 #UTIL: 59424
68 38 54 25 74 44 62 #UTIL: 54174
68 54 25 74 44 62 #UTIL: 67317
68 21 25 44 62 #UTIL: 67232
68 21 38 25 44 62 #UTIL: 53722
68 21 54 25 44 62 #UTIL: 56964
68 38 25 44 62 #UTIL: 66689
68 38 54 25 44 62 #UTIL: 54798
68 54 25 44 62 #UTIL: 67646
68 25 62 46 #UTIL: 74217
68 25 74 62 46 #UTIL: 63214
68 54 25 74 62 46 #UTIL: 58000
68 21 25 62 46 #UTIL: 55207
68 38 25 62 46 #UTIL: 56501
68 54 25 62 46 #UTIL: 60176
68 25 74 62 #UTIL: 76096
68 21 25 74 62 #UTIL: 64986
68 21 54 25 74 62 #UTIL: 59683
68 38 25 74 62 #UTIL: 59848
68 38 54 25 74 62 #UTIL: 54438
68 54 25 74 62 #UTIL: 70160
68 21 25 62 #UTIL: 69737
68 21 38 25 62 #UTIL: 52732
68 21 54 25 62 #UTIL: 58948
68 38 25 62 #UTIL: 67374
68 38 54 25 62 #UTIL: 54646
68 54 25 62 #UTIL: 70079
68 24 74 44 62 #UTIL: 52029
68 54 24 74 44 62 #UTIL: 56400
68 54 24 44 62 #UTIL: 51911
68 24 74 62 #UTIL: 52835
68 21 54 24 74 62 #UTIL: 51435
68 54 24 74 62 #UTIL: 57672
68 54 24 62 #UTIL: 52700
68 42 62 #UTIL: 80408
68 42 44 62 #UTIL: 77167
68 42 44 62 46 #UTIL: 68068
68 42 74 44 62 46 #UTIL: 56443
68 54 42 74 44 62 46 #UTIL: 50248
68 21 42 44 62 46 #UTIL: 51805
68 38 42 44 62 46 #UTIL: 54953
68 54 42 44 62 46 #UTIL: 53835
68 42 74 44 62 #UTIL: 66345
68 21 42 74 44 62 #UTIL: 56824
68 21 54 42 74 44 62 #UTIL: 50254
68 38 42 74 44 62 #UTIL: 56239
68 54 42 74 44 62 #UTIL: 58650
68 21 42 44 62 #UTIL: 63593
68 21 38 42 44 62 #UTIL: 52752
68 21 54 42 44 62 #UTIL: 50989
68 38 42 44 62 #UTIL: 65551
68 38 54 42 44 62 #UTIL: 51091
68 54 42 44 62 #UTIL: 60557
68 42 62 46 #UTIL: 72103
68 42 74 62 46 #UTIL: 58651
68 54 42 74 62 46 #UTIL: 51392
68 21 42 62 46 #UTIL: 52564
68 38 42 62 46 #UTIL: 56963
68 54 42 62 46 #UTIL: 55111
68 42 74 62 #UTIL: 68394
68 21 42 74 62 #UTIL: 57832
68 21 54 42 74 62 #UTIL: 50114
68 38 42 74 62 #UTIL: 57112
68 54 42 74 62 #UTIL: 59478
68 21 42 62 #UTIL: 64432
68 21 38 42 62 #UTIL: 51692
68 21 54 42 62 #UTIL: 50726
68 38 42 62 #UTIL: 66824
68 38 54 42 62 #UTIL: 51169
68 54 42 62 #UTIL: 61306
68 44 62 #UTIL: 81116
68 44 62 46 #UTIL: 71029
68 74 44 62 46 #UTIL: 61789
68 54 74 44 62 46 #UTIL: 57395
68 21 44 62 46 #UTIL: 55153
68 38 44 62 46 #UTIL: 56565
68 54 44 62 46 #UTIL: 59434
68 74 44 62 #UTIL: 73323
68 21 74 44 62 #UTIL: 63719
68 21 38 74 44 62 #UTIL: 51306
68 21 54 74 44 62 #UTIL: 59159
68 38 74 44 62 #UTIL: 60764
68 38 54 74 44 62 #UTIL: 55535
68 54 74 44 62 #UTIL: 68156
68 21 44 62 #UTIL: 68376
68 21 38 44 62 #UTIL: 55488
68 21 54 44 62 #UTIL: 58417
68 38 44 62 #UTIL: 67923
68 38 54 44 62 #UTIL: 56002
68 54 44 62 #UTIL: 68089
68 62 46 #UTIL: 74103
68 74 62 46 #UTIL: 63514
68 21 74 62 46 #UTIL: 50263
68 54 74 62 46 #UTIL: 58354
68 21 62 46 #UTIL: 55514
68 38 62 46 #UTIL: 57541
68 54 62 46 #UTIL: 60317
68 74 62 #UTIL: 76078
68 21 74 62 #UTIL: 65968
68 21 38 74 62 #UTIL: 50552
68 21 54 74 62 #UTIL: 60717
68 38 74 62 #UTIL: 60987
68 38 54 74 62 #UTIL: 55485
68 54 74 62 #UTIL: 70258
68 21 62 #UTIL: 70054
68 21 38 62 #UTIL: 54069
68 21 54 62 #UTIL: 59539
68 38 62 #UTIL: 68252
68 38 54 62 #UTIL: 55497
68 54 62 #UTIL: 69699
68 13 62 #UTIL: 50360
29 62 #UTIL: 84626
25 29 62 #UTIL: 90577
24 25 29 62 #UTIL: 54731
54 24 25 42 74 44 29 62 #UTIL: 52170
54 24 25 42 74 29 62 #UTIL: 52889
24 25 44 29 62 #UTIL: 52472
24 25 74 44 29 62 46 #UTIL: 52335
54 24 25 74 44 29 62 46 #UTIL: 56948
54 24 25 44 29 62 46 #UTIL: 52149
24 25 74 44 29 62 #UTIL: 58334
38 54 24 25 74 44 29 62 #UTIL: 50432
54 24 25 74 44 29 62 #UTIL: 63984
54 24 25 44 29 62 #UTIL: 58122
24 25 74 29 62 46 #UTIL: 54517
54 24 25 74 29 62 46 #UTIL: 59789
54 24 25 29 62 46 #UTIL: 54315
24 25 74 29 62 #UTIL: 61596
21 54 24 25 74 29 62 #UTIL: 51246
38 54 24 25 74 29 62 #UTIL: 51593
54 24 25 74 29 62 #UTIL: 68242
54 24 25 29 62 #UTIL: 61377
25 42 29 62 #UTIL: 88935
25 42 44 29 62 #UTIL: 85817
25 42 44 29 62 46 #UTIL: 79191
25 42 74 44 29 62 46 #UTIL: 66820
38 25 42 74 44 29 62 46 #UTIL: 53740
54 25 42 74 44 29 62 46 #UTIL: 58663
21 25 42 44 29 62 46 #UTIL: 57653
38 25 42 44 29 62 46 #UTIL: 63181
54 25 42 44 29 62 46 #UTIL: 61157
25 42 74 44 29 62 #UTIL: 72677
21 25 42 74 44 29 62 #UTIL: 56808
38 25 42 74 44 29 62 #UTIL: 61785
38 54 25 42 74 44 29 62 #UTIL: 53312
54 25 42 74 44 29 62 #UTIL: 63459
21 25 42 44 29 62 #UTIL: 67800
21 38 25 42 44 29 62 #UTIL: 55229
21 54 25 42 44 29 62 #UTIL: 50164
38 25 42 44 29 62 #UTIL: 72854
38 54 25 42 44 29 62 #UTIL: 54865
54 25 42 44 29 62 #UTIL: 65253
25 42 29 62 46 #UTIL: 83433
25 42 74 29 62 46 #UTIL: 68479
38 25 42 74 29 62 46 #UTIL: 54492
54 25 42 74 29 62 46 #UTIL: 59689
21 25 42 29 62 46 #UTIL: 59342
38 25 42 29 62 46 #UTIL: 64665
54 25 42 29 62 46 #UTIL: 62021
25 42 74 29 62 #UTIL: 73635
21 25 42 74 29 62 #UTIL: 57655
38 25 42 74 29 62 #UTIL: 62049
38 54 25 42 74 29 62 #UTIL: 53686
54 25 42 74 29 62 #UTIL: 63919
21 25 42 29 62 #UTIL: 69732
21 38 25 42 29 62 #UTIL: 54011
21 54 25 42 29 62 #UTIL: 50264
38 25 42 29 62 #UTIL: 73241
38 54 25 42 29 62 #UTIL: 54612
54 25 42 29 62 #UTIL: 65484
25 42 29 62 14 #UTIL: 52324
25 44 29 62 #UTIL: 87255
25 44 29 62 46 #UTIL: 80831
25 74 44 29 62 46 #UTIL: 71909
21 25 74 44 29 62 46 #UTIL: 51787
38 25 74 44 29 62 46 #UTIL: 56747
38 54 25 74 44 29 62 46 #UTIL: 51482
54 25 74 44 29 62 46 #UTIL: 66412
21 25 44 29 62 46 #UTIL: 59037
38 25 44 29 62 46 #UTIL: 63889
38 54 25 44 29 62 46 #UTIL: 52031
54 25 44 29 62 46 #UTIL: 66794
25 74 44 29 62 #UTIL: 78554
21 25 74 44 29 62 #UTIL: 61780
21 54 25 74 44 29 62 #UTIL: 55743
38 25 74 44 29 62 #UTIL: 65555
38 54 25 74 44 29 62 #UTIL: 59451
54 25 74 44 29 62 #UTIL: 72794
21 25 44 29 62 #UTIL: 69721
21 38 25 44 29 62 #UTIL: 56225
21 54 25 44 29 62 #UTIL: 55780
38 25 44 29 62 #UTIL: 73521
38 54 25 44 29 62 #UTIL: 59200
54 25 44 29 62 #UTIL: 71897
25 44 29 13 62 #UTIL: 50214
25 29 62 46 #UTIL: 84908
25 74 29 62 46 #UTIL: 74380
21 25 74 29 62 46 #UTIL: 52268
38 25 74 29 62 46 #UTIL: 57178
38 54 25 74 29 62 46 #UTIL: 51960
54 25 74 29 62 46 #UTIL: 68846
21 25 29 62 46 #UTIL: 60061
38 25 29 62 46 #UTIL: 64646
38 54 25 29 62 46 #UTIL: 51822
54 25 29 62 46 #UTIL: 68606
25 74 29 62 #UTIL: 81115
21 25 74 29 62 #UTIL: 63667
21 54 25 74 29 62 #UTIL: 57246
38 25 74 29 62 #UTIL: 65577
38 54 25 74 29 62 #UTIL: 59989
54 25 74 29 62 #UTIL: 75817
21 25 29 62 #UTIL: 71891
21 38 25 29 62 #UTIL: 54462
21 54 25 29 62 #UTIL: 57075
38 25 29 62 #UTIL: 73112
38 54 25 29 62 #UTIL: 58845
54 25 29 62 #UTIL: 73921
25 29 13 62 #UTIL: 53763
25 29 62 14 #UTIL: 51897
24 29 62 #UTIL: 51571
54 24 42 74 44 29 62 #UTIL: 51567
54 24 42 74 29 62 #UTIL: 51859
24 44 29 62 #UTIL: 50475
24 74 44 29 62 46 #UTIL: 50977
54 24 74 44 29 62 46 #UTIL: 55950
54 24 44 29 62 46 #UTIL: 50802
24 74 44 29 62 #UTIL: 56789
38 54 24 74 44 29 62 #UTIL: 50003
54 24 74 44 29 62 #UTIL: 62918
54 24 44 29 62 #UTIL: 56604
24 74 29 62 46 #UTIL: 52484
54 24 74 29 62 46 #UTIL: 58163
54 24 29 62 46 #UTIL: 52289
24 74 29 62 #UTIL: 58939
21 54 24 74 29 62 #UTIL: 50607
38 54 24 74 29 62 #UTIL: 50668
54 24 74 29 62 #UTIL: 66111
54 24 29 62 #UTIL: 58743
42 29 62 #UTIL: 85999
42 44 29 62 #UTIL: 83579
42 44 29 62 46 #UTIL: 77621
42 74 44 29 62 46 #UTIL: 66108
38 42 74 44 29 62 46 #UTIL: 53868
54 42 74 44 29 62 46 #UTIL: 58363
21 42 44 29 62 46 #UTIL: 57160
38 42 44 29 62 46 #UTIL: 62875
54 42 44 29 62 46 #UTIL: 60552
42 74 44 29 62 #UTIL: 71548
21 42 74 44 29 62 #UTIL: 56857
38 42 74 44 29 62 #UTIL: 61761
38 54 42 74 44 29 62 #UTIL: 53472
54 42 74 44 29 62 #UTIL: 63030
21 42 44 29 62 #UTIL: 67440
21 38 42 44 29 62 #UTIL: 55934
21 54 42 44 29 62 #UTIL: 50473
38 42 44 29 62 #UTIL: 72321
38 54 42 44 29 62 #UTIL: 54842
54 42 44 29 62 #UTIL: 64349
42 29 62 46 #UTIL: 81546
42 74 29 62 46 #UTIL: 67797
38 42 74 29 62 46 #UTIL: 54779
54 42 74 29 62 46 #UTIL: 59109
21 42 29 62 46 #UTIL: 58574
38 42 29 62 46 #UTIL: 64418
54 42 29 62 46 #UTIL: 61012
42 74 29 62 #UTIL: 72307
21 42 74 29 62 #UTIL: 57754
38 42 74 29 62 #UTIL: 62026
38 54 42 74 29 62 #UTIL: 53529
54 42 74 29 62 #UTIL: 62935
21 42 29 62 #UTIL: 68935
21 38 42 29 62 #UTIL: 54722
21 54 42 29 62 #UTIL: 50028
38 42 29 62 #UTIL: 72571
38 54 42 29 62 #UTIL: 54236
54 42 29 62 #UTIL: 63930
42 29 13 62 #UTIL: 50876
44 29 62 #UTIL: 83100
44 29 62 46 #UTIL: 77970
74 44 29 62 46 #UTIL: 70281
21 74 44 29 62 46 #UTIL: 51398
38 74 44 29 62 46 #UTIL: 56365
38 54 74 44 29 62 46 #UTIL: 51309
54 74 44 29 62 46 #UTIL: 65508
21 44 29 62 46 #UTIL: 57983
38 44 29 62 46 #UTIL: 62806
38 54 44 29 62 46 #UTIL: 51589
54 44 29 62 46 #UTIL: 65338
74 44 29 62 #UTIL: 76050
21 74 44 29 62 #UTIL: 61211
21 54 74 44 29 62 #UTIL: 55913
38 74 44 29 62 #UTIL: 64732
38 54 74 44 29 62 #UTIL: 59150
54 74 44 29 62 #UTIL: 71416
21 44 29 62 #UTIL: 68300
21 38 44 29 62 #UTIL: 56257
21 54 44 29 62 #UTIL: 55550
38 44 29 62 #UTIL: 71769
38 54 44 29 62 #UTIL: 58473
54 44 29 62 #UTIL: 69728
44 29 13 62 #UTIL: 50520
29 62 46 #UTIL: 81012
74 29 62 46 #UTIL: 72174
21 74 29 62 46 #UTIL: 51717
38 74 29 62 46 #UTIL: 56735
38 54 74 29 62 46 #UTIL: 51545
54 74 29 62 46 #UTIL: 67168
21 29 62 46 #UTIL: 58392
38 29 62 46 #UTIL: 63326
38 54 29 62 46 #UTIL: 51041
54 29 62 46 #UTIL: 66214
74 29 62 #UTIL: 77460
21 74 29 62 #UTIL: 62480
21 54 74 29 62 #UTIL: 56412
38 74 29 62 #UTIL: 64362
38 54 74 29 62 #UTIL: 59071
54 74 29 62 #UTIL: 73081
21 29 62 #UTIL: 69320
21 38 29 62 #UTIL: 54180
21 54 29 62 #UTIL: 55735
38 29 62 #UTIL: 70730
38 54 29 62 #UTIL: 57420
54 29 62 #UTIL: 70243
29 13 62 #UTIL: 53486
60 62 #UTIL: 83002
25 60 62 #UTIL: 89682
24 25 60 62 #UTIL: 53842
54 24 25 42 74 60 44 62 #UTIL: 51608
54 24 25 42 74 60 62 #UTIL: 52610
24 25 60 44 62 #UTIL: 51512
24 25 74 60 44 62 46 #UTIL: 51816
54 24 25 74 60 44 62 46 #UTIL: 56484
54 24 25 60 44 62 46 #UTIL: 51636
24 25 74 60 44 62 #UTIL: 57423
38 54 24 25 74 60 44 62 #UTIL: 50050
54 24 25 74 60 44 62 #UTIL: 63128
54 24 25 60 44 62 #UTIL: 57217
24 25 74 60 62 46 #UTIL: 53961
54 24 25 74 60 62 46 #UTIL: 59288
54 24 25 60 62 46 #UTIL: 53765
24 25 74 60 62 #UTIL: 60756
21 54 24 25 74 60 62 #UTIL: 50855
38 54 24 25 74 60 62 #UTIL: 51166
54 24 25 74 60 62 #UTIL: 67457
54 24 25 60 62 #UTIL: 60543
25 42 60 62 #UTIL: 88939
25 42 60 44 62 #UTIL: 85810
25 42 60 44 62 46 #UTIL: 79137
25 42 74 60 44 62 46 #UTIL: 66316
38 25 42 74 60 44 62 46 #UTIL: 53471
54 25 42 74 60 44 62 46 #UTIL: 57976
21 25 42 60 44 62 46 #UTIL: 57250
38 25 42 60 44 62 46 #UTIL: 63262
54 25 42 60 44 62 46 #UTIL: 60256
25 42 74 60 44 62 #UTIL: 72096
21 25 42 74 60 44 62 #UTIL: 56131
38 25 42 74 60 44 62 #UTIL: 61409
38 54 25 42 74 60 44 62 #UTIL: 52866
54 25 42 74 60 44 62 #UTIL: 62539
21 25 42 60 44 62 #UTIL: 67477
21 38 2